bird_id,igy,clysis,PCR_avmal,DNA_sex,field_id,lat,long,date,year,nest_name,county,nest_no,fws,field_sex,blood_vol,feathers,weight_kg,culman_mm,hallux_mm,bill_mm,primary_mm,foot_mm,Crop,Notes,age,FOV,RBC_per_FOV,L,H,E,M,B,Total_count,H_L,Lperc,Hperc,Eperc,Mperc,Bperc,wslh_specimen_id,FTSA8_2,FOSA,N_ETFOSAA,N_MEFOSAA,PFBA,PFDA,PFDOA,PFDS,PFHPA,PFHPS,PFHXA,PFHXS,PFNA,PFNS,PFOA,PFOS,PFTEDA,PFTRDA,PFUNDA,TOTAL_PFAS
AS106-001,0.318,0.18966667,N,F,BAEA-AS106-2023-L-001,46.99135,-90.68461,6/13/23,2023,Otter Island SE,ASHLAND,AS-106,0709-05617,F,12,Y,3.76,46.8,38.5,33.3,160,145,0,,42.3,,,,,,,,,,,,,,,23CR000959,0,0,0,0,0.076,37.3,7.93,0.55,0.07,0.939,0,0.977,97.9,0.094,2.75,123,2.13,12.5,49.1,335.316
AS106-002,0.367,0.328,N,U,BAEA-AS106-2023-L-002,46.99135,-90.68461,6/13/23,2023,Otter Island SE,ASHLAND,AS-106,0709-05618,M,12,Y,3.46,42.7,34.3,31.2,187,140,0,,46.1,30,300,83,65,9,2,25,184,0.78313253,0.83,0.65,0.09,0.02,0.25,23CR000960,0,0,0,0,0.105,39.6,9.1,0.678,0.074,1.4,0,1.25,110,0.109,2.89,140,2.47,14.9,52.8,375.376
AS108-001,0.332,0.14933333,N,F,BAEA-AS108-2023-L-001,46.84913,-90.75812,6/12/23,2023,Basswood Island,ASHLAND,AS-108,0709-05678,M,12,Y,4.16,59.4,37.4,33.3,205,135,0.25,,48.6,45,220,51,48,17,1,5,122,0.941176471,0.51,0.48,0.17,0.01,0.05,,,,,,,,,,,,,,,,,,,,,
AS108-002,0.391,0.17633333,N,F,BAEA-AS108-2023-L-002,46.84913,-90.75812,6/12/23,2023,Basswood Island,ASHLAND,AS-108,0709-05614,M,12,Y,3.37,53.1,34.3,33.3,200,125,0.25,,47.9,20,500,34,97,19,0,24,174,2.852941176,0.34,0.97,0.19,0,0.24,23CR000962,0,0,0,0,0,15.5,5.2,0.537,0,0.697,0,0.52,40.7,0.083,0.787,79.2,1.53,9.97,22.7,177.424
AS20-001,0.275,0.13333333,N,M,BAEA-AS20-2023-L-001,46.89504,-90.45067,6/13/23,2023,Michigan Island,ASHLAND,AS-20f,0709-05615,M,12,Y,2.99,39.6,32.2,29.2,97,134,0,,33.5,50,200,34,50,23,2,3,112,1.470588235,0.34,0.5,0.23,0.02,0.03,23CR000956,0,0,0,0,0.231,34.3,8.79,1.29,0.063,1.88,0,1.74,90,0.142,2.56,176,2.43,13.5,49.2,382.126
AS20-002,0.218,0.086,N,F,BAEA-AS20-2023-L-002,46.89504,-90.45067,6/13/23,2023,Michigan Island,ASHLAND,AS-20f,0709-05616,F,12,Y,3.94,47,33.5,32.4,109,145,0.5,,35.2,,,,,,,,,,,,,,,23CR000957,0,0,0,0,0.18,33.3,8.99,1.24,0.06,2.14,0,1.45,87.7,0.147,1.68,188,2.64,15.4,49.4,392.327
AS28-001,0.35575,0.0769,,M,BAEA-AS28-2024-E-001,46.72893,-90.78741,6/14/24,2024,Long Island,ASHLAND,AS-28c,0829-04159,M,9,Y,3.63,46.7,35.7,30.7,279,125,0,,59,,,,,,,,,,,,,,,,0,0.089,0,0,0,13.1,4.14,0.573,0,0.743,0,0.785,42.2,0.044,0.788,86.9,0.902,8.07,20.1,178.498
AS28-002,0.368,0.0047,,M,BAEA-AS28-2024-E-002,46.72893,-90.78741,6/14/24,2024,Long Island,ASHLAND,AS-28c,0829-04160,M,12,Y,3.64,44.6,34.6,30.7,237,131,0,,53.1,,,,,,,,,,,,,,,,0,0.126,0,0,0.041,12.3,3.2,0.465,0,0.526,0,0.5,33,0.031,1.05,68.9,0.838,6.67,16.3,143.947
AS28-003,0.31155,0.0358,,F,BAEA-AS28-2024-E-003,46.72893,-90.78741,6/14/24,2024,Long Island,ASHLAND,AS-28c,0829-04167,F,12,Y,4.52,34.9,37.7,30.2,281,141,0,,59.2,,,,,,,,,,,,,,,,0,0.128,0,0,0.058,14.8,4.42,0.665,0,0.721,0,0.733,43.6,0.05,0.689,79.5,1.02,10,21.6,177.984
AS71-001,0.3692,0.027,,F,BAEA-AS71-2024-E-001,47.00765,-90.77066,6/14/24,2024,Bear Island,ASHLAND,AS-71a,0829-04168,M,12,Y,4.55,47.1,37.4,31.8,228,143,0,,51.8,,,,,,,,,,,,,,,,0,0.092,0,0,0.232,60.8,19.1,1.27,0.229,1.35,0,1.44,145,0.124,2.57,175,3.1,32.9,93.7,536.907
AS71-002,0.45415,0.0471,,M,BAEA-AS71-2024-E-002,47.00765,-90.77066,6/14/24,2024,Bear Island,ASHLAND,AS-71a,0829-04169,F,12,Y,3.35,41.6,32,28.8,200,127,0,,47.9,,,,,,,,,,,,,,,,0,0.087,0,0,0.247,61,18.1,1.24,0.334,1.33,0,1.46,149,0.12,5.8,171,3.49,34.1,97.3,544.701
AS71-001,0.303,0.002,N,F,BAEA-AS71-2023-L-001,47.00765,-90.77066,6/12/23,2023,Bear Island,ASHLAND,AS-71a,0709-05677,M,12,Y,4.35,58.3,35,31.2,227,132,0.25,,51.7,25,400,28,65,15,0,8,116,2.321428571,0.28,0.65,0.15,0,0.08,23CR000958,0,0,0,0,0.098,43.8,12.4,0.938,0.078,1.29,0,1.21,106,0.136,3.12,148,2.66,20.2,60.8,400.73
AS90-001,0.4025,0.04025,,M,BAEA-AS90-2024-M-001,46.96597,-90.66873,6/12/24,2024,Manitou Island,ASHLAND,AS-90a,0709-05691,M,12,Y,3.91,43.8,32.8,30.8,204,136,0,,48.5,,,,,,,,,,,,,,,,0,0.124,0,0,0.232,43.8,9.15,1.32,1.56,2.08,0,2.58,131,0.115,29.3,149,2.15,22.5,61.2,456.138
AS90-002,0.36005,0,,M,BAEA-AS90-2024-M-002,46.96597,-90.66873,6/12/24,2024,Manitou Island,ASHLAND,AS-90a,0829-04156,M,12,Y,4.01,42,31.7,29.7,180,136,4-Mar,,45.1,,,,,,,,,,,,,,,,0,0.122,0,0,0.124,36.1,9.01,0.911,0.844,1.4,0,2.23,119,0.108,10.2,149,1.95,21.6,52.8,405.399
AS99-001,0.23815,0.03655,,M,BAEA-AS99-2024-M-001,46.8681,-90.72241,6/12/24,2024,Basswood Island - North side,ASHLAND,AS-99c,0829-04157,M,12,Y,3.92,45.4,35.2,31.5,213,137,4-Jan,,49.7,,,,,,,,,,,,,,,,0,0.075,0,0,0.137,18.9,5.78,0.412,0,0.964,0,0.898,59.7,0,0.639,83.5,1.21,12.7,26.5,211.415
AS99-002,0.2346,0.05125,,M,BAEA-AS99-2024-M-002,46.8681,-90.72241,6/12/24,2024,Basswood Island - North side,ASHLAND,AS-99c,0829-04158,F,12,Y,3.9,48.5,35.1,32.6,186,140,0,,45.9,,,,,,,,,,,,,,,,0,0.081,0,0,0,19.5,5.28,0.463,0.048,1,0,0.806,85.8,0.072,1.36,86.8,1.3,14.1,26.1,242.71
BR09-001,0.312,0.169,N,F,BAEA-BR09-2023-M-001,44.46005,-88.06965,5/19/23,2023,Brown Cty Fairgrounds,BROWN,BR-09,0709-05672,F,12,Y,4.55,48.2,38.5,32.7,215,144,0,,50,30,300,50,33,15,0,8,106,0.66,0.5,0.33,0.15,0,0.08,23CR000943,0.916,0.406,0.828,0.485,0,16.5,10.7,1.48,0,0.822,0,1.51,5.4,0.199,0.119,195,1.8,6.76,15.6,258.711
BR09-002,0.567,0.139,N,F,BAEA-BR09-2023-S-002,44.46005,-88.06965,5/19/23,2023,Brown Cty Fairgrounds,BROWN,BR-09,0709-05673,F,12,Y,3.53,44.7,36,30.5,238,140,0,,53.2,40,250,74,43,20,1,0,138,0.581081081,0.74,0.43,0.2,0.01,0,23CR000944,0.552,0.41,0.195,0.157,0.213,10.1,4.64,0.869,0,1.08,0,1.9,4.12,0.145,0.143,145,1.36,2.31,8.61,182.051
BR09-003,,,,U,BAEA-BR09-2023-S-003,44.46005,-88.06965,5/19/23,2023,Brown Cty Fairgrounds,BROWN,BR-09,0709-05674,F,0,Y,3.76,45.1,34.2,29.1,213,140,0,,49.7,35,300,36,13,0,0,21,36,0.361111111,0.36,0.13,0,0,0.21,,,,,,,,,,,,,,,,,,,,,
BR11-001,0.2923,,,M,BAEA-BR11-2024-S-001,44.58858,-87.98116,5/17/24,2024,Long Tail Point,BROWN,BR-11a,0709-05696,F,4,Y,3.23,39.7,32.5,34.2,117,145,Empty,,36.3,,,,,,,,,,,,,,,,0,0.861,0.886,0.347,0.248,11.7,7.32,1.43,0,0.914,0,0.85,4.21,0.189,0.388,163,1.64,4.84,11.7,210.751
BR11-002,0.25145,0.09375,,M,BAEA-BR11-2024-S-002,44.58858,-87.98116,5/17/24,2024,Long Tail Point,BROWN,BR-11a,0709-05697,F,12,Y,3.45,40.4,33.2,30.5,179,142,Empty,,45,,,,,,,,,,,,,,,,1.15,0.952,1.22,0.492,0.234,13.6,8.08,1.61,0,1.4,0,1.37,4.79,0.304,0.686,183,1.93,5.31,14.5,240.868
BR12-001,0.17665,0.07425,,F,BAEA-BR12-2024-S-001,44.5808,-88.05135,5/17/24,2024,Highway 141,BROWN,BR-12,0709-05695,F,12,Y,3.99,41.7,35,31.9,142,157,4-Jan,,39.8,,,,,,,,,,,,,,,,1.53,0.315,1.57,0.497,0,7.64,3.24,1.28,0,1.09,0,0.62,3.16,0.099,0.248,108,1.07,2.32,6.75,139.716
BR12-001,0.462,0.19966667,N,F,BAEA-BR12-2023-M-001,44.5808,-88.05135,5/18/23,2023,Hwy 141,BROWN,BR-12,0709-05668,M,12,Y,3.63,41.5,33.3,31.4,182,130,0.5,,45.4,33,300,56,54,16,1,0,127,0.964285714,0.56,0.54,0.16,0.01,0,23CR000945,1.01,0.417,0.831,0.462,0,8.17,4.49,1.25,0,1.08,0,1.04,3.21,0.155,0.324,154,1.66,2.78,6.89,188.034
BR15-001,0.61595,0,,M,BAEA-BR15-2024-S-001,44.61539,-87.85461,5/16/24,2024,Red Banks,BROWN,BR-15,0709-05692,F,12,Y,3.3,41.4,31.7,28.8,153,144,4-Mar,,41.3,,,,,,,,,,,,,,,,0.934,0.693,1.36,0.468,0,12.9,6.83,1.47,0,0.674,0,0.253,2.01,0.211,0.129,154,1.37,3.47,14.3,201.13
BR15-002,,,,U,BAEA-BR15-2024-S-002,44.61539,-87.85461,5/16/24,2024,Red Banks,BROWN,BR-15,0709-05693,M,4,Y,3.76,42.3,33.3,30.5,133,137,4-Jan,,38.5,,,,,,,,,,,,,,,,,,,,,,,,,,,,,,,,,,,
BR15-003,0.23925,0.07405,,M,BAEA-BR15-2024-S-003,44.61539,-87.85461,5/16/24,2024,Red Banks,BROWN,BR-15,0709-05694,M,12,Y,2.68,37.6,29.1,28.6,95,137,Empty,,33.2,,,,,,,,,,,,,,,,0.858,0.599,0.822,0.33,0.126,8.63,4.74,0.51,0,0.494,0,0.181,1.4,0.083,0.146,92.5,1.02,1.88,7.51,122.023
BR17-001,0.343,0,N,F,BAEA-BR17-2023-M-001,44.45081,-88.16042289,5/19/23,2023,Hwy MM,BROWN,BR-17,0709-05675,F,12,Y,4.92,49.5,36.9,33.5,258,150,0.25,,56,33,300,25,74,22,2,0,123,2.96,0.25,0.74,0.22,0.02,0,23CR000948,0.598,0.289,0,0.164,0.224,9.49,5.05,0.89,0,0.906,0,1.36,2.92,0.154,0.108,151,1.3,2.34,8.13,185.185
BR17-002,0.512,0.18533333,N,F,BAEA-BR17-2023-S-002,44.45081,-88.16042289,5/19/23,2023,Hwy MM,BROWN,BR-17,0709-05676,F,12,Y,4.66,50.4,37.8,33,263,140,0.25,,56.7,33,300,33,64,27,0,0,124,1.939393939,0.33,0.64,0.27,0,0,23CR000949,0.981,0.466,0.646,0.521,0,16.9,7.33,1.25,0,1.38,0,3.44,6.9,0.196,0.262,206,1.89,3.88,16.4,268.729
BR19-001,0.26645,0.02,,F,BAEA-BR19-2024-S-001,44.629607,-87.80131,5/16/24,2024,Bayshore,BROWN,BR-19,0709-05649,U,12,Y,4.11,45.1,34.5,35.6,,150,Empty,,,,,,,,,,,,,,,,,,1.3,0.757,1.56,0.675,0,13.8,8.28,0.974,0,0.912,0,0.7,3.45,0.112,0.153,149,1.81,4.44,12.4,200.51
BR19-002,0.2199,0,,F,BAEA-BR19-2024-S-002,44.629607,-87.80131,5/16/24,2024,Bayshore,BROWN,BR-19,0709-05650,U,,Y,4.15,45.9,37.6,32.1,,155,Empty,,,,,,,,,,,,,,,,,,,,,,,,,,,,,,,,,,,,,
BY32-001,0.519,0.10833333,N,M,BAEA-BY32-2023-M-001,46.78803,-91.37576,6/12/23,2023,Port Wing East,BAYFIELD,BY-032d,0709-05623,F,12,Y,3.7,44.5,34.9,31.5,233,144,0,,52.5,50,200,96,36,15,0,0,147,0.375,0.96,0.36,0.15,0,0,23CR000963,0,0,0,0,0,30,6.45,0.696,0,1.08,0,1.16,75.4,0.114,1.92,125,1.65,10.6,42.4,296.47
BY52-001,,,,U,BAEA-BY52-2023-M-001,46.86569,-91.2168,6/12/23,2023,Bark Point,BAYFIELD,BY-052,0709-05626,F,0,Y,2.32,30.8,33.7,28.9,243,141,0,,53.9,80,125,14,6,1,0,1,22,0.428571429,0.14,0.06,0.01,0,0.01,,,,,,,,,,,,,,,,,,,,,
BY100-001,0.337,0.081,N,F,BAEA-BY100-2023-M-001,46.8195,-90.80685,6/14/23,2023,Dalrymple Park,BAYFIELD,BY-100a,0709-05636,F,12,Y,4.5,49.9,40.7,32.6,255,160,1,,55.6,40,250,65,70,18,1,0,154,1.076923077,0.65,0.7,0.18,0.01,0,23CR000969,0,0,0,0,0.093,29.6,5.85,0.679,0,0.98,0,0.875,75.3,0.104,1.65,128,1.98,11.2,36.9,293.211
BY100-002,0.378,0.073,N,F,BAEA-BY100-2023-S-001,46.8195,-90.80685,6/14/23,2023,Dalrymple Park,BAYFIELD,BY-100a,0709-05637,F,12,Y,3.86,47.1,37,30.5,245,157,0.75,,54.2,,,,,,,,,,,,,,,23CR000970,0,0,0,0,0.079,33.3,5.98,0.708,0,1.08,0,1.04,82.8,0.113,1.97,128,1.9,11.5,43.1,311.57
BY100-003,0.374,0.00866667,N,F,BAEA-BY100-2023-E-001,46.8195,-90.80685,6/14/23,2023,Dalrymple Park,BAYFIELD,BY-100a,0709-05638,F,12,Y,4.39,47.4,38,33.3,217,154,0,,50.3,,,,,,,,,,,,,,,23CR000971,0,0,0,0,0.073,26.5,6.23,0.503,0,0.958,0,0.806,60.7,0.098,0.926,107,1.77,12.9,36.2,254.664
BY30-001,0.47925,0.09005,,M,BAEA-BY30-2024-S-001,46.86643,-91.09493,6/12/24,2024,Cornucopia,BAYFIELD,BY-30,0829-04162,F,12,Y,2.92,41.4,34.2,29.7,177,152,0,,44.7,,,,,,,,,,,,,,,,0,0.071,0,0,0.115,35.6,9.75,1.24,0.051,1.17,0,1.2,80.3,0.174,1.18,138,2.15,23.1,52.3,346.457
BY30-002,0.4269,0.039,,M,BAEA-BY30-2024-S-002,46.86643,-91.09493,6/12/24,2024,Cornucopia,BAYFIELD,BY-30,0829-04163,F,12,Y,2.59,42.6,33.8,29.3,142,152,0,,39.8,,,,,,,,,,,,,,,,,,,,,,,,,,,,,,,,,,,
BY47-001-002,0.2349,0,,F,BAEA-BY47-2024-M-002,46.882701,-91.07783,6/10/24,2024,Spirit Bay,BAYFIELD,BY-47a,0709-05687,F,12,Y,4.61,48.2,36.9,33.4,205,154,0,,48.6,,,,,,,,,,,,,,,,0,0.131,0,0,0.098,54.7,15.6,0.922,0,1.57,0,1.58,145,0.133,1.98,179,2.51,22.6,76.1,501.924
BY47-001,0.211,0.15333333,N,F,BAEA-BY47-2023-M-001,46.88074,-91.08982,6/13/23,2023,Spirit Point Road,BAYFIELD,BY-47b,0709-05629,F,12,Y,4.11,46.4,37.5,33.6,228,152,0.25,,51.8,33,300,26,64,7,4,18,119,2.461538462,0.26,0.64,0.07,0.04,0.18,23CR000964,0,0,0,0,0.148,27.4,5.81,0.629,0.035,1.02,0,0.888,74,0.09,1.72,120,1.82,11.1,38,282.66
BY48-001,0.37955,0.0296,,F,BAEA-BY48-2024-M-001,46.696978,-90.852728,6/10/24,2024,Houghton Point,BAYFIELD,BY-48a,0709-05688,F,12,Y,4.93,46.7,37.2,34.6,235,142,Full,,52.8,,,,,,,,,,,,,,,,0,0.066,0,0,0.115,13.9,4.33,0.7,0,0.943,0,0.668,29.8,0.072,0.275,74.5,1.12,10.4,18.6,155.489
BY94-001,0.418,0.08433333,N,F,BAEA-BY94-2023-L-001,46.86861,-90.7735,6/14/23,2023,Red Cliff (N),BAYFIELD,BY-94,0709-05619,F,12,Y,4.43,50,27.1,34.3,226,143,0,,51.5,,,,,,,,,,,,,,,23CR000965,0,0,0,0,0.068,17,3.96,0.575,0,0.938,0,0.712,49.7,0.088,0.325,107,1.09,7.1,23.7,212.256
BY94-002,0.39,0.04966667,N,F,BAEA-BY94-2023-L-002,46.86861,-90.7735,6/14/23,2023,Red Cliff (N),BAYFIELD,BY-94,0709-05620,M,12,Y,3.61,46.8,34.3,31.2,247,130,0,,54.5,30,300,42,19,0,2,,63,0.452380952,0.42,0.19,0,0.02,0,23CR000966,0,0,0,0,0.173,19.2,4,0.796,0,1.04,0,0.831,42,0.106,0.197,161,1.42,7.67,27.2,265.633
BY97-001,0.528,0.18233333,N,M,BAEA-BY97-2023-S-001,46.76004,-90.87802,6/13/23,2023,Mt. Ashwabay,BAYFIELD,BY-97,0709-05627,F,12,Y,4.17,56.1,35.4,37.3,235,142,1,,52.8,50,200,59,22,3,1,1,86,0.372881356,0.59,0.22,0.03,0.01,0.01,23CR000967,0,0,0,0,0,5.83,1.81,0.751,0,0.697,0,0.451,14.4,0.072,0.249,60.2,0.719,4.05,6.74,95.969
BY97-002,0.36,0.127,N,F,BAEA-BY97-2023-E-002,46.76004,-90.87802,6/13/23,2023,Mt. Ashwabay,BAYFIELD,BY-97,0709-05628,F,12,Y,4.87,49.2,37.6,37.9,207,157,0.75,,48.9,,,,,,,,,,,,,,,23CR000968,0,0,0,0,0.112,4.81,1.52,0.74,0,0.483,0,0.327,9.72,0.064,0.198,42.5,0.649,3.26,5.66,70.043
BY100-001,0.21915,0.07645,,F,BAEA-BY100-2024-M-001,46.8195,-90.80685,6/10/24,2024,Dalrymple Park,BAYFIELD,BY100a,0709-05689,F,12,Y,5.2,48.7,38.7,33.2,234,151,2-Jan,,52.7,,,,,,,,,,,,,,,,,,,,,,,,,,,,,,,,,,,
BY100-002,0.26455,0.085,,F,BAEA-BY100-2024-M-002,46.8195,-90.80685,6/10/24,2024,Dalrymple Park,BAYFIELD,BY100a,0709-05690,M,12,Y,4.01,46.5,35.3,31.1,240,130,4-Jan,,53.5,,,,,,,,,,,,,,,,0,0.076,0,0,0.066,15.4,5.53,0.358,0,1.2,0,0.992,54.3,0.018,0.927,96.9,1.27,9.75,24,210.787
DO05-001,0.2236,0.0568,,M,BAEA-DO05-2024-L-001,44.86636,-87.23624,5/14/24,2024,Dunes Lake,DOOR,DO-05,0709-05635,M,12,Y,3.36,41.4,32.7,27.6,155,134,Full,,41.6,,,,,,,,,,,,,,,,0,0,0,0,0,29.3,11.2,0.971,0,1.7,0,1.05,23.2,0.118,0.481,256,2.22,17.9,24.3,368.44
DO05-002,0.65315,0.00265,,F,BAEA-DO05-2024-L-002,44.86636,-87.23624,5/14/24,2024,Dunes Lake,DOOR,DO-05,0709-05679,F,12,Y,4.23,48.3,36.4,31.1,195,143,4-Jan,,47.2,,,,,,,,,,,,,,,,0,0,0,0,0,28.3,6.84,0.901,0,1.92,0,1.46,27.3,0.096,0.66,244,1.62,10.8,26.3,350.197
BR10-001,,,,U,BAEA-BR10-2024-S-001,45.410761,-86.812701,6/4/24,2024,Rock Island,DOOR,DO-10a,0709-05698,M,9,Y,4.18,36.1,35.7,32.1,290,139,Full,,60.5,,,,,,,,,,,,,,,,,,,,,,,,,,,,,,,,,,,
BR10-002,,,,U,BAEA-BR10-2024-S-002,45.410761,-86.812701,6/4/24,2024,Rock Island,DOOR,DO-10a,0709-05699,F,12,Y,3.86,46.7,36.1,35.5,281,145,Full,,59.24,,,,,,,,,,,,,,,,,,,,,,,,,,,,,,,,,,,
DO16-001,0.19185,0.00895,,F,BAEA-DO16-2024-L-001,45.41288,-86.87653,5/16/24,2024,Ulm,DOOR,DO-16a,0709-05684,F,12,Y,3.72,38.3,31.1,30.7,100,145,4-Mar,,33.9,,,,,,,,,,,,,,,,0.16,0.677,0,0,0,12.6,5.14,0.654,0,1.14,0,2.27,7.37,0.088,0.178,187,1.14,5.58,14.4,238.397
DO16-002,0.66375,0.06235,,F,BAEA-DO16-2024-L-002,45.41288,-86.87653,5/16/24,2024,Ulm,DOOR,DO-16a,0709-05685,F,12,Y,3.99,41.6,31.7,31.9,129,145,2-Jan,,38,,,,,,,,,,,,,,,,0.192,0.656,0,0,0,14.6,5.33,1.11,0,1.37,0,2.45,7.82,0.126,0.189,195,1.32,6.49,18.4,255.053
DO16-003,0.39465,0.05975,,M,BAEA-DO16-2024-L-003,45.41288,-86.87653,5/16/24,2024,Ulm,DOOR,DO-16a,0709-05686,M,8,Y,3,35.5,28,27,80,133,4-Jan,,31.1,,,,,,,,,,,,,,,,0.139,0.759,0,0,0,12.4,4.88,0.904,0,1.01,0,2.16,6.27,0.101,0.093,154,0.94,7.06,13.7,204.416
DO18-001,0.2206,0.04545,,M,BAEA-DO18-2024-L-001,44.95188,-87.20525,5/15/24,2024,Clark Lake,DOOR,DO-18,0709-05682,M,12,Y,3.91,43.8,32.7,31.4,226,136,Empty,,51.5,,,,,,,,,,,,,,,,0,0.114,0,0,0,21.4,6.31,1.16,0,1.44,0,1.04,17.1,0.104,1.27,236,1.37,11.7,14.5,313.508
DO18-002,0.4032,0.05465,,M,BAEA-DO18-2024-L-002,44.95188,-87.20525,5/15/24,2024,Clark Lake,DOOR,DO-18,0709-05683,M,12,Y,2.92,40.5,31.4,27.8,189,130,Empty,Deformed toes - fused talons,46.4,,,,,,,,,,,,,,,,0,0,0,0,0,12.5,3.57,0.673,0,0.888,0,0.712,10.3,0.059,0.484,148,0.891,6.58,9.59,194.247
DO29-001,0.1674,0.04465,,F,BAEA-DO29-2024-L-001,44.82884,-87.6005,5/15/24,2024,Lime Kiln Road,DOOR,DO-29a,0709-05680,M,8,Y,3.56,37.7,30.5,29.5,87,135,Empty,,32.1,,,,,,,,,,,,,,,,0.589,0.95,0.958,0.384,0,10.4,5.93,0.77,0,0.888,0,0.728,3.06,0.107,0.116,136,1.48,5.02,9.24,176.62
DO29-002,0.2468,0.09325,,F,BAEA-DO29-2024-L-002,44.82884,-87.6005,5/15/24,2024,Lime Kiln Road,DOOR,DO-29a,0709-05681,M,12,Y,4.04,43.5,31.9,31.8,130,139,Empty,,38.1,,,,,,,,,,,,,,,,0.609,0.884,0.696,0.349,0,11.5,6.49,0.975,0,1.06,0,1,3.55,0.115,0.172,135,1.55,5.54,9.53,179.02
DU58-001,0.30065,0.0793,,F,BAEA-DU58-2024-S-001,46.70998,-91.73818,6/10/24,2024,Barden Creek East,DOUGLAS,DU-58a,0829-04155,F,12,Y,3.9,43.1,33.6,33.6,260,153,0,,56.3,,,,,,,,,,,,,,,,,,,,,,,,,,,,,,,,,,,
DU58-002,0.21925,0,,F,BAEA-DU58-2024-S-002,46.70998,-91.73818,6/10/24,2024,Barden Creek East,DOUGLAS,DU-58a,0829-04161,F,12,Y,4.03,48.8,34.4,33.1,282,150,0,Fishing lure removed from left leg,59.4,,,,,,,,,,,,,,,,0,0.112,0,0,0,37.6,10,2.16,0,1.6,0,1.33,92.9,0.176,0.383,153,2.47,22.2,55.9,379.846
DU58-001,0.314,0.02233333,N,F,BAEA-DU58-2023-S-001,46.70998,-91.73818,6/12/23,2023,Barden Creek East,DOUGLAS,DU-58a,0709-05624,F,12,Y,4.81,47.5,36.5,32.9,220,164,0.5,,50.7,45,225,36,66,4,1,7,114,1.833333333,0.36,0.66,0.04,0.01,0.07,23CR000972,0,0,0,0,0.077,32.4,6.88,0.933,0,0.897,0,0.926,71.4,0.108,0.668,123,2.15,12.1,40.9,292.439
DU58-002,0.331,0.01166667,N,F,BAEA-DU58-2023-M-002,46.70998,-91.73818,6/12/23,2023,Barden Creek East,DOUGLAS,DU-58a,0709-05625,F,12,Y,5.53,49.5,36.4,35.2,304,162,0.5,,62.5,50,200,50,27,3,1,0,81,0.54,0.5,0.27,0.03,0.01,0,23CR000973,0,0.136,0,0,0.102,47.8,8.92,1.35,0,1.63,0,1.25,120,0.171,0.799,183,2.88,17.5,62.9,448.438
DU81-001,0.33755,0.0044,,F,BAEA-DU81-2024-S-001,46.74523,-92.10049,6/10/24,2024,Connors Point,DOUGLAS,DU-81,0829-04152,F,12,Y,5.06,51.7,39.5,34.2,307,151,0,,62.9,,,,,,,,,,,,,,,,0.116,0.065,0,0,0.853,13.1,4.02,2.42,0.056,2.53,0,6.37,29.6,0.164,0.364,155,1.7,6.2,15,237.558
DU81-002,0.26805,0.03615,,F,BAEA-DU81-2024-S-002,46.74523,-92.10049,6/10/24,2024,Connors Point,DOUGLAS,DU-81,0829-04153,F,6,Y,4.88,52.7,41.8,35.1,310,152,0,,63.3,,,,,,,,,,,,,,,,,,,,,,,,,,,,,,,,,,,
DU81-003,,,,U,BAEA-DU81-2024-S-003,46.74523,-92.10049,6/10/24,2024,Connors Point,DOUGLAS,DU-81,0829-04154,F,0,Y,3.74,48.4,36.4,33,302,140,0,,62.2,,,,,,,,,,,,,,,,,,,,,,,,,,,,,,,,,,,
KE02-001,0.19745,0.05605,,F,BAEA-KE02-2024-L-001,44.65755,-87.4621,5/14/24,2024,Ahnapee River,KEWAUNEE,KE-02,0709-05634,F,12,Y,4.38,43.7,35.3,32.1,162,142,Full,,42.6,,,,,,,,,,,,,,,,0,0,0,0,0.123,8.25,2.43,0.224,0,1.14,0,0.778,8.29,0,0.656,116,0.627,2.33,5.08,145.928
KE08-001,0.4998,0.04455,,M,BAEA-KE08-2024-S-001,44.5944,-87.45978,5/14/24,2024,Evergreen Dr,KEWAUNEE,KE-08,0709-05644,F,8,Y,2.82,38.1,27.6,27.9,92,143,Full,,32.8,,,,,,,,,,,,,,,,0,0,0,0,0.216,8.6,2.37,0.804,0,1.87,0,0.88,7.79,0.087,0.553,168,0.738,5.18,6.22,203.308
KE08-002,,,,F,BAEA-KE08-2024-S-002,44.5944,-87.45978,5/14/24,2024,Evergreen Dr,KEWAUNEE,KE-08,0709-05646,U,4,Y,2.7,36.9,26.9,26.7,74,139,Full,,30.3,,,,,,,,,,,,,,,,0,0,0,0,0.2,8.92,2.45,0.412,0,1.74,0,0.882,8.25,0,0.442,180,0.746,2.81,6.05,212.902
MC03-001,,,,U,BAEA-MC03-2024-S-001,44.1795,-87.58633,5/13/24,2024,Two Rivers,MANITOWOC,MC-03b,0709-05641,F,0,Y,3.85,42.6,37.7,30.2,218,149,Full,,50.4,,,,,,,,,,,,,,,,,,,,,,,,,,,,,,,,,,,
MC03-002,0.23415,0.0524,,F,BAEA-MC03-2024-S-002,44.1795,-87.58633,5/13/24,2024,Two Rivers,MANITOWOC,MC-03b,0709-05642,F,12,Y,4.94,47.6,37.1,35,207,147,Full,,48.9,,,,,,,,,,,,,,,,0,0,0,0,0,11.9,3.69,1.15,0,1.39,0,1.44,8.73,0.073,0.243,179,1.17,7.96,8.95,225.696
MC06-001,,0.0987,,F,BAEA-MC06-2024-L-001,44.289,-87.53989,5/13/24,2024,Point Beach Power,MANITOWOC,MC-06,0709-05632,F,12,Y,5.18,48.3,37.7,33.9,240,145,4-Jan,,53.5,,,,,,,,,,,,,,,,0,0.215,0,0,0,21.8,5.27,0.721,0,2.19,0,1.44,12.9,0.094,0.539,235,1.71,7.25,15.1,304.229
MC06-002,0.4935,0.09285,,U,BAEA-MC06-2024-L-002,44.289,-87.53989,5/13/24,2024,Point Beach Power,MANITOWOC,MC-06,0709-05633,M,12,Y,4.09,42.3,35.2,30.4,220,134,4-Jan,,50.7,,,,,,,,,,,,,,,,0,0.197,0,0,0,21.4,5.3,1.03,0,2.15,0,1.95,16.9,0.102,0.714,200,1.64,8.63,17.5,277.513
MC14-001,0.2039,0.0031,,M,BAEA-MC14-2024-L-001,44.09149,-87.71203,5/13/24,2024,South Rapids Road,MANITOWOC,MC-14,0709-05630,M,9,Y,3.97,42.7,36.9,30.5,233,135,Empty,,52.5,,,,,,,,,,,,,,,,0,0,0,0,0.09,6.99,2.91,1.44,0,1.75,0,1.8,7.79,0.063,0.847,144,1.41,4.75,5.68,179.52
MC14-002,0.2687,0.08835,,M,BAEA-MC14-2024-L-002,44.09149,-87.71203,5/13/24,2024,South Rapids Road,MANITOWOC,MC-14,0709-05631,M,12,Y,3.42,40.6,32.6,29.1,204,131,4-Jan,,48.5,,,,,,,,,,,,,,,,0,0,0,0,0.143,6.52,2.98,0.958,0,1.47,0,1.69,8.01,0.069,1.49,128,1.47,3.63,5.58,162.01
MC17-001-002,0.19565,0.07775,,M,BAEA-MC17-2024-S-001,44.145717,-87.683452,5/14/24,2024,Airport North,MANITOWOC,MC-17,0709-05643,F,12,Y,3.29,39.6,30,28.5,135,140,2-Jan,,38.8,,,,,,,,,,,,,,,,0,0,0,0,0,9.1,2.11,0.761,0,1.09,0,0.917,8.62,0.044,0.699,132,0.714,4.95,6.32,167.325
OU06-001,0.61,0.13133333,N,M,BAEA-OU06-2023-M-001,44.27374,-88.36438,5/18/23,2023,Potato Point Road,OUTAGAMIE,OU-06a,0709-05666,M,12,Y,2.69,36.4,29.2,27.2,111,128,0.5,,35.4,20,500,19,128,5,1,13,166,6.736842105,0.19,1.28,0.05,0.01,0.13,23CR000947,0,0,0.321,0,0,4.68,1.17,0.6,0,0.698,0,0.488,3.46,0.102,0.083,123,0.355,0.975,3.15,139.082
OU13-001,0.951,0.118,N,M,BAEA-OU13-2023-S-001,44.28427,-88.33238,5/18/23,2023,Hwy OO,OUTAGAMIE,OU-13a,0709-05667,M,12,Y,3.31,42.5,33.2,28.3,172,132,0.75,,44,20,500,30,120,20,3,0,173,4,0.3,1.2,0.2,0.03,0,23CR000946,0.163,0,0,0,0.178,5.43,1.95,1.08,0,1.28,0,1.34,4.14,0.136,0.215,166,0.803,1.58,3.8,188.247
SB7-001,,,,M,BAEA-SB7-2024-S-001,43.56843,-87.78925,5/13/24,2024,Amsterdam Cemetary,SHEBOYGAN,SB-07,0709-05639,U,4,Y,3.43,41,31.4,29.4,142,140,4-Jan,,39.8,,,,,,,,,,,,,,,,,,,,,,,,,,,,,,,,,,,
SB7-002,0.25095,0.0722,,M,BAEA-SB7-2024-S-002,43.56843,-87.78925,5/13/24,2024,Amsterdam Cemetary,SHEBOYGAN,SB-07,0709-05640,F,12,Y,3.48,42.1,32.3,30.8,185,143,4-Jan,,45.8,,,,,,,,,,,,,,,,0,0.088,0,0,0,6.64,1.95,0.982,0,1.21,0,1.42,5.95,0.068,0.602,231,0.607,3.8,5.2,259.517
WI09-001,0.839,0.001,N,F,BAEA-WI09-2023-M-001,44.19897,-88.47475,5/17/23,2023,Kimberly Clark,WINNEBAGO,WI-09,0709-05662,F,12,Y,4.55,47.6,37.9,32.6,265,144,0,,57,13,750,21,69,46,6,2,144,3.285714286,0.21,0.69,0.46,0.06,0.02,23CR000954,0,0.077,0.81,0,0,8.76,1.79,0.829,0,0.739,0,1.29,9.39,0.093,0.243,118,0.616,1.76,6.82,151.217
WI09-002,0.965,0.11733333,N,M,BAEA-WI09-2023-S-002,44.19897,-88.47475,5/17/23,2023,Kimberly Clark,WINNEBAGO,WI-09,0709-05663,F,12,Y,4.79,50.5,39.5,33.5,276,147,0,,58.5,20,500,42,123,62,0,1,228,2.928571429,0.42,1.23,0.62,0,0.01,23CR000955,0,0.08,0.704,0,0,8.84,2.76,0.948,0,1.01,0,1.4,8.5,0.08,0.156,118,1.06,1.95,6.14,151.715
WI10-001,0.746,0.164,N,M,BAEA-WI10-2023-M-001,44.23174,88.46293,5/17/23,2023,Menasha Treatment,WINNEBAGO,WI-10a,0709-05664,M,12,Y,4.09,43.9,36,32.1,262,137,0,,56.6,15,650,52,62,44,2,8,168,1.192307692,0.52,0.62,0.44,0.02,0.08,23CR000951,0,0.138,0.606,0,0,8.3,1.57,0.645,0,0.27,0,0.356,2.03,0.067,0,109,0.383,1.28,5.24,129.969
WI10-002,0.538,0.15266667,N,F,BAEA-WI10-2023-S-002,44.23174,88.46293,5/17/23,2023,Menasha Treatment,WINNEBAGO,WI-10a,0709-05665,M,12,Y,3.86,42.5,36,30.7,241,137,0,,53.6,25,400,64,105,24,17,2,212,1.640625,0.64,1.05,0.24,0.17,0.02,23CR000950,0,0.138,0.44,0,0,9.69,1.93,0.832,0,0.45,0,0.706,3.85,0.091,0.031,123,0.433,1.5,6.08,149.272
CR03-001,0.1763,0.755959524,,F,BAEA-CR03-2025-S-001,42.9962502,-91.08790002,5/8/25,2025,Bridgeport,Crawford,CR-03,0829-04164,F,12,Y,3.36,45.2,33.5,31.7,125,140,0,,37.4,40,,62,150,24,2,1,239,2.419354839,0.259414226,0.627615063,0.10041841,0.008368201,0.0041841,,0.595,1.103,0.847,0,0.069,3.97,2.166,0.828,0,0.607,0.016,0.519,2.094,0,0.301,148.46,0.545,1.233,3.415,167.276
CR09-001,0.2263,0.978448209,,M,BAEA-CR09-2025-L-001,43.00593,-91.03366,5/8/25,2025,Bridgeport East,Crawford,CR-09a,0829-04170,M,12,Y,NA,40.5,32.3,29.1,157,127,0,,41.88,50,200,76,91,19,0,0,186,1.197368421,0.408602151,0.489247312,0.102150538,0,0,,1.094,0.834,0.452,0,0.08,4.834,2.83,3.648,0,0.937,0,0.876,3.387,0,0,180.96,0.864,1.961,4.448,207.569
CR09-002,0.21985,0.882123479,,F,BAEA-CR09-2025-L-002,43.00593,-91.03366,5/8/25,2025,Bridgeport East,Crawford,CR-09a,0829-04180,F,12,Y,NA,45.6,37.4,32.6,221,145,0,,50.84,50,200,112,77,35,0,0,224,0.6875,0.5,0.34375,0.15625,0,0,,1.024,1.136,0.327,0,0.099,3.605,2.495,0.299,0,0.671,0.028,0.715,2.404,0,0,146.73,0.762,1.781,3.46,165.972
CRNew-001,0.20725,1,,M,BAEA-CRNew-2025-L-001,43.01492,-91.01688,5/8/25,2025,Millville,Crawford,GR-102b,0829-04181,M,12,Y,NA,37.9,28.6,26.8,113,127,0,,35.72,,,,,,,,,,,,,,,,0.966,0.639,0.292,0,0.049,2.92,1.648,2.201,0,0.367,0,0.34,0.888,0,0,119.96,0.394,0.94,2.744,134.526
GRNew-001,0.17625,0.837864054,,M,BAEA-GRNew-2025-L-001,43.13633,-90.73498,5/9/25,2025,Allen Island,Grant,GR-91a,0829-04182,M,12,Y,3.13,42,29.3,29.8,180,134,0,,45.1,45,,40,25,4,0,2,71,0.625,0.563380282,0.352112676,0.056338028,0,0.028169014,,1.837,1.435,0.478,0,0.037,5.397,2.881,0.488,0,0.574,0.018,0.341,2.308,0,0,166.6,0.787,2.213,5.547,191.128
GRNew-002,0.16485,0.840887245,,M,BAEA-GRNew-2025-L-002,43.13633,-90.73498,5/9/25,2025,Allen Island,Grant,GR-91a,0829-04183,M,12,Y,3.44,43.8,34,30.7,219,124,0,,50.56,50,200,62,58,19,0,1,140,0.935483871,0.442857143,0.414285714,0.135714286,0,0.007142857,,1.969,1.755,0.598,0,0.049,6.137,3.067,2.175,0,0.711,0.015,0.405,2.079,0,0,198.37,0.814,1.875,5.07,225.932
GR10-001,0.19175,0.953480389,,M,BAEA-GR10-2025-S-001,43.19983337,-90.46673343,5/9/25,2025,Muscoda 2,Grant,GR-10a,0829-04165,M,12,Y,2.87,40.5,30.4,29.7,165,138,0,,43,50,200,82,32,30,,3,147,0.390243902,0.557823129,0.217687075,0.204081633,0,0.020408163,,2.016,1.696,0.642,0,0.08,5.831,2.793,2.606,0,0.698,0.027,0.321,1.851,0,0,172.04,0.764,1.697,4.717,199.196
GR10-002,0.19635,0.517973171,,M,BAEA-GR10-2025-S-002,43.19983337,-90.46673343,5/9/25,2025,Muscoda 2,Grant,GR-10a,0829-04166,F,12,Y,3,42.4,30.3,30.1,151,142,0,,41.04,40,,60,55,15,0,2,132,0.916666667,0.454545455,0.416666667,0.113636364,0,0.015151515,,2.491,1.938,0.76,0,0.065,6.488,3.246,0.591,0,0.799,0.021,0.402,2.065,0.29,0,220.79,0.73,1.852,5.264,249.174
RI20-001,0.1216,1,,F,BAEA-RI20-2025-S-001,43.20364,-90.45204,5/9/25,2025,Bird Mound,Richland,RI-20/RI-22,0829-04172,F,12,Y,3.42,40.6,31.4,30.7,96,150,Full,,33.34,50,200,87,62,32,1,1,183,0.712643678,0.475409836,0.338797814,0.174863388,0.005464481,0.005464481,,1.074,1.171,0.549,0.24,0.082,3.235,1.643,0.777,0,0.395,0.022,0.3,1.467,0,0.333,116.08,0.39,0.943,2.586,132.48
IO20-001,0.2066,0.719482505,,M,BAEA-IO20-2025-L-001,43.20459,-90.29496,5/9/25,2025,Avoca 2,Iowa,IO-20,0829-04184,M,12,Y,3.52,42.9,33.5,29.1,227,127,0,,51.68,50,200,93,34,17,0,6,150,0.365591398,0.62,0.226666667,0.113333333,0,0.04,,1.924,1.697,0.917,0,0.049,8.187,4.001,4.217,0,0.979,0.023,0.461,2.84,0,0,253.02,1.133,2.307,7.012,289.789
IO20-002,0.24585,1,,M,BAEA-IO20-2025-L-002,43.20459,-90.29496,5/9/25,2025,Avoca 2,Iowa,IO-20,0829-04185,M,12,Y,3.26,43.5,31.8,29.6,185,127,0,,45.8,50,200,55,40,13,3,1,112,0.727272727,0.491071429,0.357142857,0.116071429,0.026785714,0.008928571,,2.323,1.67,1.247,0.121,0.189,8.676,4.228,3.74,0,0.975,0.043,0.413,2.886,0,0,271.6,1.114,2.292,7.141,310.165
IO20-003,0.15425,0.797908241,,M,BAEA-IO20-2025-L-003,43.20459,-90.29496,5/9/25,2025,Avoca 2,Iowa,IO-20,0829-04186,M,12,Y,3.01,42.6,30.6,28.6,163,125,0,,42.72,50,200,70,137,27,0,3,237,1.957142857,0.29535865,0.578059072,0.113924051,0,0.012658228,,2.483,1.526,0.906,0,0.067,8.372,4.074,0.859,0,0.843,0,0.412,3.107,0.295,0.272,255.33,1.042,2.274,6.946,290.158
IO26-001,0.18815,1,,F,BAEA-IO26-2025-L-001,43.19181,-90.27843,5/9/25,2025,Avoca 3,Iowa,IO-26,0829-04187,F,12,Y,4.24,42.5,34.7,31.2,147,142,Full,,40.48,50,200,62,66,45,3,1,177,1.064516129,0.350282486,0.372881356,0.254237288,0.016949153,0.005649718,,1.74,2.083,0.825,0,0.157,6.391,3.277,1.693,0,1.151,0.027,0.669,2.961,0.309,0.456,254.71,0.76,1.971,5.048,285.46
IO26-002,0.177416667,1,,M,BAEA-IO26-2025-L-002,43.19181,-90.27843,5/9/25,2025,Avoca 3,Iowa,IO-26,0829-04188,M,12,Y,3.23,37.9,30.9,28.2,119,128,Full,,36.56,45,225,58,75,59,0,1,193,1.293103448,0.300518135,0.388601036,0.305699482,0,0.005181347,,1.788,2.082,0.946,0,0.21,6.152,3.328,0.759,0,1.271,0.042,0.791,3.024,0,0.568,283.31,0.8,1.77,5.249,313.141
IO21-001,0.206683333,1,,M,BAEA-IO21-2025-E-001,43.14852,-90.06722,5/10/25,2025,Sweet Island,Iowa,IO-21,0829-04173,F,7,Y,3.39,44.9,34.6,30.6,230,140,0,,52.1,50,200,94,50,41,4,1,190,0.531914894,0.494736842,0.263157895,0.215789474,0.021052632,0.005263158,,1.519,2.288,1.317,0,0.056,7.391,3.413,0.551,0,1.368,0.018,1.008,3.165,0,0.369,268.06,0.869,1.874,5.43,299.992
IO21-003,0.2031,0.844363811,,M,BAEA-IO21-2025-E-003,43.14852,-90.06722,5/10/25,2025,Sweet Island,Iowa,IO-21,0829-04175,F,0,0,3.47,43.4,36.8,30.5,219,146,0,,50.56,32,320,24,24,13,1,0,62,1,0.387096774,0.387096774,0.209677419,0.016129032,0,,1.906,2.636,1.692,0.148,0.113,6.548,3.338,3.017,0,1.036,0.024,0.891,2.978,0,0.339,229.22,0.853,1.756,4.888,262.604
JU22-001,0.149,1,,M,BAEA-JU22-2025-E-001,44.06706,-90.03228,5/12/25,2025,Petenwell Dam West,Juneau,JU-22,0829-04135,M,12,Y,3.14,42.7,32.3,28.2,155,138,0,,41.6,50,200,72,78,49,0,2,201,1.083333333,0.358208955,0.388059701,0.243781095,0,0.009950249,,4.79,5.677,5.564,0.734,0.105,13.445,10.61,1.634,0,1.586,0.032,0.347,5.401,0.452,0,357.89,5.181,8.46,10.597,440.311
JU22-002,0.14215,1,,M,BAEA-JU22-2025-G-002,44.06706,-90.03228,5/12/25,2025,Petenwell Dam West,Juneau,JU-22,0829-04136,M,12,Y,3.33,41.3,32.2,28.7,163,137,0,,42.72,50,200,57,25,26,2,1,111,0.438596491,0.513513514,0.225225225,0.234234234,0.018018018,0.009009009,,4.506,5.898,6.044,0.708,0.097,11.286,8.657,1.484,0,1.177,0.032,0.35,4.44,0.336,0,289.73,3.888,6.814,9.187,361.721
JU14-001,0.1651,0.751076367,,F,BAEA-JU14-2025-E-001,44.05141,-90.02748,5/11/25,2025,Petenwell Dam,Juneau,JU-14,0829-04133,F,10,Y,3.13,36.4,30.1,30.2,90,143,0,,32.5,50,200,33,50,8,0,0,91,1.515151515,0.362637363,0.549450549,0.087912088,0,0,,3.736,5.573,5.806,0.754,0.139,13.276,10.532,1.659,0,1.222,0.017,0.257,3.901,0.468,0.23,408.55,4.871,7.961,10.98,488.741
SK02-001,0.15125,1,,M,BAEA-SK02-2025-L-001,43.19208337,-90.01183334,5/10/25,2025,Spring Green 2,Sauk,SK-02,0829-04189,M,12,Y,3.2,42.6,31.1,27.8,154,132,0,,41.46,50,200,113,190,33,5,4,345,1.681415929,0.327536232,0.550724638,0.095652174,0.014492754,0.011594203,,1.409,1.977,0.97,0.17,0.08,6.547,4.331,2.362,0,0.723,0.033,0.287,2.51,0,0.239,196.81,1.199,2.439,5.708,228.603
SK02-002,,,,M,BAEA-SK02-2025-L-002,43.19208337,-90.01183334,5/10/25,2025,Spring Green 2,Sauk,SK-02,0829-04190,M,12,Y,2.72,38,30.6,27.9,99,129,0,,33.76,43,350,66,61,15,1,0,143,0.924242424,0.461538462,0.426573427,0.104895105,0.006993007,0,,1.37,1.57,0.525,0,0.072,5.024,3.146,2.087,0,0.524,0,0.309,1.91,0,0.244,152.18,0.836,1.85,4.435,176.956
AD13-001,0.1191,1,,M,BAEA-AD13-2025-L-001,44.06089,-89.98749,5/11/25,2025,Petenwell Dam East,Adams,AD-13a,0829-04191,M,12,Y,2.98,37.4,29.3,25.3,79,127,4-Jan,,30.96,55,,90,129,39,0,0,258,1.433333333,0.348837209,0.5,0.151162791,0,0,,6.406,4.562,5.624,0.49,0.167,10.087,6.91,1.194,0,2.434,0.02,0.536,4.02,0.372,0.416,355.83,2.687,5.108,7.998,423.99
AD13-002,0.15105,0.368623173,,M,BAEA-AD13-2025-L-002,44.06089,-89.98749,5/11/25,2025,Petenwell Dam East,Adams,AD-13a,0829-04192,M,10,Y,2.47,35.9,25.9,26.4,47,116,Full,,26.48,50,200,41,55,25,1,3,125,1.341463415,0.328,0.44,0.2,0.008,0.024,,8.377,6.913,6.611,0.818,0.165,13.701,9.025,1.865,0,3.694,0.021,0.752,5.147,0.557,0.459,502.62,3.745,6.674,10.504,594.044
AD13-003,0.12555,1,,M,BAEA-AD13-2025-L-003,44.06089,-89.98749,5/11/25,2025,Petenwell Dam East,Adams,AD-13a,0829-04193,M,12,Y,2.89,39.1,29.3,27.4,89,124,2-Jan,,32.36,42,240,49,71,18,1,1,140,1.448979592,0.35,0.507142857,0.128571429,0.007142857,0.007142857,,9.535,6.776,5.782,0.726,0.169,14.037,8.79,1.495,0,3.614,0.026,0.744,5.679,0.564,0.71,476.76,3.613,6.208,10.715,564.685
WO07-001,0.142033333,1,,F,BAEA-WO07-2025-L-001,44.33298,-89.87415,5/12/25,2025,Weber Slough,Wood,WO-07b,0829-04194,F,12,Y,3.66,39.9,31.2,29.8,125,145,0,,37.4,50,200,50,30,20,4,2,106,0.6,0.471698113,0.283018868,0.188679245,0.037735849,0.018867925,,8.651,4.692,1.86,0,0.092,13.434,9.794,1.225,0,1.565,0.022,0.3,3.685,0.634,0.395,416.8,2.382,4.657,11.498,485.438
WO07-002,0.17495,0.316193643,,F,BAEA-WO07-2025-L-002,44.33298,-89.87415,5/12/25,2025,Weber Slough,Wood,WO-07b,0829-04195,M,12,Y,3.15,38.3,31.1,28.4,98,139,0,,33.62,50,200,40,51,35,5,0,131,1.275,0.305343511,0.389312977,0.267175573,0.038167939,0,,8.177,4.401,1.667,0,0.101,11.754,9.019,1.116,0,1.461,0.025,0.259,2.847,0.491,0.29,405.31,2.056,4.1,10.399,466.487
MR25-001,0.1651,0.947205626,,M,BAEA-MR25-2025-L-001,44.73766,-89.78747,5/13/25,2025,Highway O,Marathon,MR-25,0829-04198,M,12,Y,3.36,44.2,32.1,31.9,212,130,4-Jan,,49.58,50,200,54,53,14,0,3,124,0.981481481,0.435483871,0.427419355,0.112903226,0,0.024193548,,0.168,0.22,0,0,0.05,9.759,2.624,0.745,0,0.901,0.023,0.276,15.469,0,0,121.63,0.867,4.088,9.829,166.701
MR25-002,,,,F,BAEA-MR25-2025-L-002,44.73766,-89.78747,5/13/25,2025,Highway O,Marathon,MR-25,0829-04199,F,12,Y,4.49,49.1,36.8,34.4,195,148,2-Jan,,47.2,50,200,66,45,14,0,3,128,0.681818182,0.515625,0.3515625,0.109375,0,0.0234375,,0,0.207,0,0,0.058,6.746,1.878,0.696,0,0.677,0.022,0.222,10.064,0,0,94.702,0.736,3.098,7.241,126.368
LI30-001,0.1566,0.865174401,,F,BAEA-LI30-2025-E-001,45.3186641,-89.78109375,5/14/25,2025,WI River - Fau Fau Rd,Lincoln,LI-30a,0829-04139,M,5,N,2.59,38.2,27.3,28,65,137,2-Jan,,29,50,200,73,69,38,0,4,184,0.945205479,0.39673913,0.375,0.206521739,0,0.02173913,,10.534,8.947,3.579,0,0.128,4.462,10.397,,0,1.116,0,0.28,2.629,0,1.923,203.36,3.271,5.437,5.992,267.498
LI30-002,0.15605,1,,M,BAEA-LI30-2025-E-002,45.3186641,-89.78109375,5/14/25,2025,WI River - Fau Fau Rd,Lincoln,LI-30a,0829-04140,M,8,N,2.24,35.8,26.2,24.6,55,131,2-Jan,,27.6,50,200,51,36,9,0,0,96,0.705882353,0.481132075,0.339622642,0.08490566,0,0,,10.207,10.372,3.503,0,0.172,4.815,10.851,0.679,0,1.061,0.028,0.219,3.011,0.4,2.107,215.3,3.539,5.715,6.562,281.974
LI24-001,0.23665,0.401880392,,M,BAEA-LI24-2025-L-001,45.18361493,-89.73099901,5/14/25,2025,Council Grounds,Lincoln,LI-24,0829-04200,M,12,Y,3.55,43.5,35.7,32.3,223,136,0,,51.12,50,200,17,30,12,0,0,59,1.764705882,0.288135593,0.508474576,0.203389831,0,0,,13.311,13.274,3.846,0,0.184,7.877,15.41,1.915,0,2.793,0.036,0.499,5.104,0.728,1.914,442.81,4.017,6.865,10.408,536.254
LI31-001,0.1878,0.74465531,,M,BAEA-LI31-2025-L-001,45.48522823,-89.70712518,5/14/25,2025,WI River - Hwy 51 West - North,Lincoln,LI31-001,0829-04142,M,12,Y,2.48,37.9,27.9,27.4,89,125,4-Jan,,32.36,50,200,51,36,12,1,2,102,0.705882353,0.5,0.352941176,0.117647059,0.009803922,0.019607843,,31.616,13.388,15.505,0.426,0.094,6.317,16.163,1.53,0,2.422,0.029,0.358,2.57,0.757,0.605,410.11,5.803,8.528,7.409,539.718
LI31-002,0.17105,1,,M,BAEA-LI31-2025-L-002,45.48522823,-89.70712518,5/14/25,2025,WI River - Hwy 51 West - North,Lincoln,LI31-002,0829-04143,M,12,Y,2.09,35.6,25.08,24.7,66,116,0,,29.14,50,200,76,69,30,4,0,179,0.907894737,0.424581006,0.38547486,0.167597765,0.022346369,0,,25.519,11.258,14.714,0.304,0.078,5.576,13.173,0.152,0,2.456,0.026,0.34,2.421,0.745,0.516,408.47,4.522,6.705,6.264,518.703
LI47-001,0.16725,1,,M,BAEA-LI47-2025-E-001,45.17093,-89.65945,5/14/25,2025,WI River - Merrill - South,Lincoln,LI-47,0829-04137,M,12,Y,3.27,40.7,32.9,28.6,152,127,0,,41.18,45,220,92,74,20,0,0,186,0.804347826,0.494623656,0.397849462,0.107526882,0,0,,13.355,9.751,5.108,0.151,0.1,11.234,16.91,0.834,0,2.075,0.018,0.562,8.346,0.584,1.751,434.45,3.478,6.687,13.76,530.976
LI47-002,0.19885,0.762496386,,F,BAEA-LI47-2025-S-002,45.17093,-89.65945,5/14/25,2025,WI River - Merrill - South,Lincoln,LI-47,0829-04138,M,12,Y,3.92,45.9,35.2,32.6,160,137,4-Jan,,42.3,55,180,31,37,5,0,0,73,1.193548387,0.424657534,0.506849315,0.068493151,0,0,,8.726,7.731,3.813,0.122,0.066,8.766,12.479,1.153,0,1.732,0.021,0.705,6.673,0.437,2.096,328.13,2.547,4.961,10.984,402.277
DA07-001,0.13385,1,,M,BAEA-DA07-2025-E-001,43.28963,-89.64497,5/10/25,2025,Fish Lake,Dane,DO-07a,0829-04176,M,12,N,2.52,38.2,27.2,27,94,138,2-Jan,,33.06,65,155,18,15,5,0,0,38,0.833333333,0.473684211,0.394736842,0.131578947,0,0,,0.532,0.85,0.168,0,0.071,4.445,1.014,0.245,0,0,0,0.16,3.842,0,0,44.276,0.306,1.133,4.023,61.268
DA07-002,0.1559,1,,F,BAEA-DA07-2025-E-002,43.28963,-89.64497,5/10/25,2025,Fish Lake,Dane,DO-07a,0829-04177,F,12,Y,3.21,41.2,30.2,29.8,125,152,0,,37.4,60,165,17,18,12,1,0,48,1.058823529,0.354166667,0.375,0.25,0.020833333,0,,0.426,0.576,0,0,0.075,3.162,0.728,0.167,0,0,0,0.132,3.329,0,0,34.037,0.259,0.762,2.869,46.522
DA07-003,0.1464,1,,M,BAEA-DA07-2025-E-003,43.28963,-89.64497,5/10/25,2025,Fish Lake,Dane,DO-07a,0829-04178,F,12,Y,3.02,38.5,29.8,29.8,126,141,4-Jan,,37.54,50,200,43,32,14,0,2,91,0.744186047,0.472527473,0.351648352,0.153846154,0,0.021978022,,0.42,0.719,0.196,0,0.077,4.627,1.186,0.283,0,0.276,0,0.149,4.514,0,0,48.544,0.327,1.101,4.052,66.471
PT04-001,0.1734,0.66873601,,M,BAEA-PT04-2025-L-001,44.482449,-89.567738,5/13/25,2025,Whiting Dam,Portage,PT-04b,0829-04196,M,12,Y,3.1,41,32.5,28.1,138,129,0,,39.22,40,,57,60,17,0,2,136,1.052631579,0.419117647,0.441176471,0.125,0,0.014705882,,5.322,4.094,1.838,0.12,0.103,9.008,7.194,0.85,0,1.499,0.02,0.302,3.256,0,0,320.05,2.005,3.666,7.452,368.962
PT04-002,0.191,0.826708538,,M,BAEA-PT04-2025-L-002,44.482449,-89.567738,5/13/25,2025,Whiting Dam,Portage,PT-04b,0829-04197,M,12,Y,3.21,41,31.3,28.6,157,130,0,,41.88,30,,59,113,27,0,0,199,1.915254237,0.296482412,0.567839196,0.135678392,0,0,,5.525,3.848,2.378,0.12,0.097,8.311,6.936,0.749,0,1.411,0,0.253,3.452,0.32,0.22,275.87,1.958,3.638,7,324.994
CO03-001,0.1635,1,,F,BAEA-CO03-2025-E-001,43.41861008,-89.54480011,5/11/25,2025,Dekorra,Columbia,CO-03,0829-04131,F,12,Y,4.54,48.9,36.6,32.2,285,143,0,,59.8,50,200,38,55,16,4,1,114,1.447368421,0.333333333,0.48245614,0.140350877,0.035087719,0.00877193,,2.825,2.717,1.863,0.225,0.061,8.607,7.356,0.479,0,0.887,0.016,0.3,2.286,0.372,0,258.89,1.454,3.856,8.872,302.39
CO03-002,0.17325,0.766326997,,M,BAEA-CO03-2025-E-002,43.41861008,-89.54480011,5/11/25,2025,Dekorra,Columbia,CO-03,0829-04132,M,8,Y,3.34,47,34.9,30,275,123,0,,58.4,50,200,42,19,4,1,,66,0.452380952,0.636363636,0.287878788,0.060606061,0.015151515,0,,3.009,2.735,1.49,0.183,0.071,8.276,7.099,0.462,0,0.725,0.018,0.29,1.753,0.362,0,255.46,1.5,3.762,8.37,297.124
ON07-001,0.1601,1,,F,BAEA-ON07-2025-S-001,45.88252,-89.54413,5/15/25,2025,Pickerel Lake SW,Oneida,ON007-001,0829-05202,F,10,N,2.5,36.6,26.9,25.8,63,142,0,,28.72,50,200,74,49,22,0,5,150,0.662162162,0.493333333,0.326666667,0.146666667,0,0.033333333,,0,0.25,0,0,0.044,2.444,0.597,0.12,0,0,0.019,0.104,0.731,0,0,11.988,0,0.612,2.486,19.395
ON138-001,0.25355,1,,F,BAEA-ON138-2025-L-001,45.88572,-89.46541,5/15/25,2025,WI River Oxbow,Oneida,ON-138c,0829-04146,0,8,Y,2.18,37.8,26.2,27.4,47,119,Full,,26.48,,,,,,,,,,,,,,,,0,0.263,0,0,0,1.908,0.618,0.796,0,0,0.015,0.227,1.312,0,0,16.299,0,0.549,2.137,24.124
ON138-002,0.308,1,,M,BAEA-ON138-2025-L-002,45.88572,-89.46541,5/15/25,2025,WI River Oxbow,Oneida,ON-138c,0829-04147,0,12,Y,2.73,38.9,29,26.2,109,122,Full,,35.16,40,,72,96,73,0,1,242,1.333333333,0.297520661,0.396694215,0.301652893,0,0.004132231,,0,0.236,0,0,0.049,1.773,0.661,0.872,0,0,0.025,0.194,1.219,0,0,17.397,0.161,0.59,2.063,25.24
ON31-001,0.22915,0.634780767,,F,BAEA-ON31-2025-E-001,45.637927,-89.237684,5/15/25,2025,Fifth Lake East,Oneida,ON-31g,0829-04179,F,12,Y,3.54,42.8,32.8,31,132,149,4-Mar,,38.38,50,200,52,29,34,1,,116,0.25,0.448275862,0.25,0.293103448,0.00862069,0,,3.105,1.681,1.287,0,0.287,9.664,2.562,0.171,0.596,7.522,0.039,1.744,9.856,0,13.441,346.42,0.61,1.485,6.098,415.773
ON31-002,0.24805,0.770173035,,F,BAEA-ON31-2025-G-002,45.637927,-89.237684,5/15/25,2025,Fifth Lake East,Oneida,ON-31g,0829-05201,F,12,Y,2.79,39.6,30.5,28.1,80,142,0,,31.1,50,200,76,43,66,0,10,195,0.565789474,0.38974359,0.220512821,0.338461538,0,0.051282051,,3.006,1.318,0.573,0,0.221,12.276,3.148,0.186,0.24,9.992,0.02,1.199,13.993,0,13.595,491.64,0.547,1.684,7.792,576.017