"effect","component","term","estimate","std.error","statistic","p.value","p_term","best_shape_model","PFAS","WBC_var","outcome_type","n","FDR_p"
"fixed","cond","PFAS_scaled",-0.0679552403778149,0.0726386146824079,-0.935525005190837,0.350309844762315,0.349517803017821,"linear","PFBA","Lperc","proportion_beta",67,0.772241279607154
"fixed","cond","log_PFAS_scaled",-0.168943197390436,0.0951432783082201,-1.77567139155263,0.0804444564155229,0.0757870953862917,"log","PFBA","Hperc","proportion_beta",63,0.154185208129752
"fixed","cond","log_PFAS_scaled",-0.0643130961173341,0.0823429254357023,-0.78103972839237,0.433796630368277,0.434779128783795,"log","PFBA","Eperc","proportion_beta",67,0.554295694359465
"fixed","cond","PFAS_scaled",0.0603386326716441,0.0844091737631994,0.714835011191052,0.480272792197434,0.474710998405555,"linear","PFBA","Mperc","proportion_beta",67,0.783522133241133
"fixed","cond","log_PFAS_scaled",-0.232474542062646,0.0994803781158616,-2.33688840418249,0.0287310301159702,0.0194449874476854,"log","PFBA","Bperc","proportion_beta",67,0.326131868971674
"fixed","cond","PFAS_scaled",-0.063948169740059,0.0514798931268914,-1.24219701821126,0.218435830771779,0.214163879561584,"linear","PFBA","Total_count","total_count_nbinom2",67,0.386463392903917
"fixed","cond","PFAS_scaled",0.038631519511877,0.0845130388562022,0.457107211321652,0.649127892758403,0.647593987262774,"linear","PFDA","Lperc","proportion_beta",67,0.795059017882389
"fixed","cond","PFAS_scaled + PFAS_sq_scaled",0.737028552438136,0.306854715521416,2.40188113513509,0.0598441915493554,0.0163110075296868,"quadratic","PFDA","Hperc","proportion_beta",63,0.125128764148652
"fixed","cond","PFAS_scaled",-0.129570643494616,0.105214695726536,-1.23148807873173,0.218500359975007,0.218140372628911,"linear","PFDA","Eperc","proportion_beta",67,0.547853188703456
"fixed","cond","PFAS_scaled",-0.0614570329567361,0.0953362239458323,-0.644634645815787,0.510992695592043,0.519163977493197,"linear","PFDA","Mperc","proportion_beta",67,0.783522133241133
"fixed","cond","log_PFAS_scaled",0.15461660864018,0.110573365192561,1.39831693076283,0.17147968486936,0.162017915869382,"log","PFDA","Bperc","proportion_beta",67,0.336763722143581
"fixed","cond","PFAS_scaled",-0.0738900232466683,0.05735398276496,-1.288315469729,0.208397341496561,0.197636170244592,"linear","PFDA","Total_count","total_count_nbinom2",67,0.386463392903917
"fixed","cond","PFAS_scaled",-0.0125897794003956,0.0769045514031413,-0.163706557943479,0.869788614474651,0.869962154710337,"linear","PFDOA","Lperc","proportion_beta",67,0.869788614474651
"fixed","cond","log_PFAS_scaled",0.0850277250975504,0.0892582112954415,0.952603955014421,0.343830803353085,0.340790772587491,"log","PFDOA","Hperc","proportion_beta",63,0.395405423856048
"fixed","cond","log_PFAS_scaled",-0.0937238343837119,0.0959131867706403,-0.977173603957464,0.331097047727422,0.328483213522391,"log","PFDOA","Eperc","proportion_beta",67,0.554295694359465
"fixed","cond","PFAS_scaled",-0.0688025486373822,0.0849869066432231,-0.80956645387997,0.410982680047573,0.418189394832881,"linear","PFDOA","Mperc","proportion_beta",67,0.783522133241133
"fixed","cond","log_PFAS_scaled",-0.050218305945465,0.0968784523848722,-0.518364039775956,0.606040370215763,0.604204299501652,"log","PFDOA","Bperc","proportion_beta",67,0.663758500712503
"fixed","cond","PFAS_scaled",-0.0940402190593354,0.0502156086103524,-1.87272885188029,0.0680911776221732,0.0611058371123393,"linear","PFDOA","Total_count","total_count_nbinom2",67,0.214263093989098
"fixed","cond","PFAS_scaled + PFAS_sq_scaled",-0.429262790183879,0.231118376443181,-1.85732868493653,0.171843196057332,0.0632644057490407,"quadratic","PFDS","Lperc","proportion_beta",66,0.658732251553105
"fixed","cond","PFAS_scaled + PFAS_sq_scaled",0.30592593620205,0.261422416280087,1.17023605150326,0.280040998737453,0.241905988440902,"quadratic","PFDS","Hperc","proportion_beta",62,0.377987246786199
"fixed","cond","log_PFAS_scaled",-0.0293234813653723,0.0721258339144649,-0.406560032292277,0.684389964550541,0.684331157057684,"log","PFDS","Eperc","proportion_beta",66,0.715498599302838
"fixed","cond","log_PFAS_scaled",0.0177969932841353,0.0886096903034518,0.200847031777087,0.84070785836664,0.840818186133559,"log","PFDS","Mperc","proportion_beta",66,0.84070785836664
"fixed","cond","log_PFAS_scaled",-0.0311744160568301,0.0990529619653503,-0.314724723403377,0.753744429688844,0.752970670927973,"log","PFDS","Bperc","proportion_beta",66,0.753744429688844
"fixed","cond","PFAS_scaled",-0.0313423581723141,0.0579301200926098,-0.541037341579972,0.595562328065521,0.588481844788897,"linear","PFDS","Total_count","total_count_nbinom2",66,0.660239552646904
"fixed","cond","log_PFAS_scaled",-0.092512280348582,0.0838915323113492,-1.10276064579722,0.268244759382362,0.270131122492144,"log","PFHPA","Lperc","proportion_beta",67,0.772241279607154
"fixed","cond","PFAS_scaled",-0.113204790563485,0.0929388765675625,-1.21805636935142,0.214344642270765,0.223202552469806,"linear","PFHPA","Hperc","proportion_beta",63,0.328661784815173
"fixed","cond","log_PFAS_scaled",0.0820361749842953,0.103821907563794,0.790162470612356,0.432901399224156,0.42943289035096,"log","PFHPA","Eperc","proportion_beta",67,0.554295694359465
"fixed","cond","PFAS_scaled",-0.0199503493399341,0.0897369898906004,-0.222320242346616,0.818452541667396,0.824064595263721,"linear","PFHPA","Mperc","proportion_beta",67,0.84070785836664
"fixed","cond","log_PFAS_scaled",0.218301939891765,0.0881091008489389,2.47763213775202,0.0318964584521752,0.0132257425872405,"log","PFHPA","Bperc","proportion_beta",67,0.326131868971674
"fixed","cond","log_PFAS_scaled",-0.023548950587647,0.0557398101907196,-0.42247992067199,0.674685670746171,0.672674753793909,"log","PFHPA","Total_count","total_count_nbinom2",67,0.705353201234633
"fixed","cond","log_PFAS_scaled",-0.0170699777183737,0.0742421335122409,-0.229923049228633,0.81837907890075,0.818151565393757,"log","PFHPS","Lperc","proportion_beta",67,0.855578127941694
"fixed","cond","PFAS_scaled",-0.141556775667558,0.0956467003305602,-1.47999643666044,0.133358224593588,0.138874197619766,"linear","PFHPS","Hperc","proportion_beta",63,0.235941474280964
"fixed","cond","PFAS_scaled",0.155416351601021,0.0992915033716427,1.5652532827437,0.121882287664461,0.117523532462632,"linear","PFHPS","Eperc","proportion_beta",67,0.44310799669255
"fixed","cond","PFAS_scaled",-0.0288509134652292,0.0837162089191324,-0.344627567799904,0.723899362010264,0.730374377948528,"linear","PFHPS","Mperc","proportion_beta",67,0.84070785836664
"fixed","cond","PFAS_scaled + PFAS_sq_scaled",-0.404305891532866,0.282070638706143,-1.43334979275906,0.321838726295097,0.151757898885288,"quadratic","PFHPS","Bperc","proportion_beta",67,0.435428864987484
"fixed","cond","log_PFAS_scaled",0.0584968950227083,0.0516291818329317,1.13301998881175,0.266179346714232,0.257205859243661,"log","PFHPS","Total_count","total_count_nbinom2",67,0.411433854274418
"fixed","cond","log_PFAS_scaled",0.055656439556541,0.0779108348115618,0.714360713643409,0.475724402500374,0.475004158381405,"log","PFHXA","Lperc","proportion_beta",67,0.772241279607154
"fixed","cond","log_PFAS_scaled",-0.250009001980945,0.0840763998372187,-2.9735930946733,0.00398754823671213,0.00294335106231381,"log","PFHXA","Hperc","proportion_beta",63,0.0152856015740632
"fixed","cond","PFAS_scaled",0.0209275270699092,0.0759641115036006,0.275492290447145,0.782623441093552,0.782938048085973,"linear","PFHXA","Eperc","proportion_beta",67,0.782623441093552
"fixed","cond","log_PFAS_scaled",-0.0296381733441964,0.0885211906108815,-0.334814445441418,0.7382393684873,0.737765062945164,"log","PFHXA","Mperc","proportion_beta",67,0.84070785836664
"fixed","cond","PFAS_scaled",-0.112236759801957,0.104433545636169,-1.07471942198509,0.281431246938551,0.282500365577308,"linear","PFHXA","Bperc","proportion_beta",67,0.404557417474167
"fixed","cond","log_PFAS_scaled",0.00963923077049708,0.05398393533448,0.178557393246217,0.85833378235813,0.858285251997787,"log","PFHXA","Total_count","total_count_nbinom2",67,0.85833378235813
"fixed","cond","log_PFAS_scaled",-0.0301088760259273,0.08920579707521,-0.337521517806094,0.736506907392845,0.73572379396557,"log","PFHXS","Lperc","proportion_beta",67,0.80665042238264
"fixed","cond","log_PFAS_scaled",0.0843985719177694,0.104495567057086,0.807676098562749,0.417014772701807,0.419277066386041,"log","PFHXS","Hperc","proportion_beta",63,0.456730465340074
"fixed","cond","PFAS_scaled",0.12917557596543,0.0861780638249991,1.49893801545304,0.134618435640232,0.133889713079737,"linear","PFHXS","Eperc","proportion_beta",67,0.44310799669255
"fixed","cond","PFAS_scaled",-0.0746224982345934,0.0893097884613154,-0.835546691132475,0.389473888628833,0.403409969435455,"linear","PFHXS","Mperc","proportion_beta",67,0.783522133241133
"fixed","cond","PFAS_scaled",-0.0755942954735757,0.109045768811906,-0.693234559187425,0.475452555791574,0.488162363485651,"linear","PFHXS","Bperc","proportion_beta",67,0.575547830695063
"fixed","cond","log_PFAS_scaled",0.0655175100959037,0.0590784467617416,1.10899175058089,0.272725960391817,0.267433740756111,"log","PFHXS","Total_count","total_count_nbinom2",67,0.411433854274418
"fixed","cond","PFAS_scaled",0.0532808712141563,0.0845921833081538,0.629855728159467,0.531214999427204,0.528788980674255,"linear","PFNA","Lperc","proportion_beta",67,0.772241279607154
"fixed","cond","PFAS_scaled + PFAS_sq_scaled",0.902092088605853,0.31313813346445,2.88081198743003,0.0195008421490599,0.00396652171200532,"quadratic","PFNA","Hperc","proportion_beta",63,0.0601909083220226
"fixed","cond","log_PFAS_scaled",-0.185354782132515,0.104579546966259,-1.77238080972292,0.0764237170672286,0.0763313651370201,"log","PFNA","Eperc","proportion_beta",67,0.44310799669255
"fixed","cond","log_PFAS_scaled",-0.0858170978904279,0.0953469253669827,-0.900051024824605,0.363879562114583,0.368093097410595,"log","PFNA","Mperc","proportion_beta",67,0.783522133241133
"fixed","cond","PFAS_scaled + PFAS_sq_scaled",0.807047589073613,0.379271403535578,2.12788937301968,0.072506332041419,0.0333462568916682,"quadratic","PFNA","Bperc","proportion_beta",67,0.326131868971674
"fixed","cond","log_PFAS_scaled",-0.073480359192143,0.0557213167257991,-1.31871182358692,0.195734102481434,0.187265472454363,"log","PFNA","Total_count","total_count_nbinom2",67,0.386463392903917
"fixed","cond","log_PFAS_scaled",-0.0752105027954612,0.0745884225343354,-1.00834017183886,0.31380640179011,0.313291183935678,"log","PFNS","Lperc","proportion_beta",67,0.772241279607154
"fixed","cond","log_PFAS_scaled",0.194635759267644,0.083201236670672,2.33933733506935,0.0209359681120079,0.0193179819081906,"log","PFNS","Hperc","proportion_beta",63,0.0601909083220226
"fixed","cond","log_PFAS_scaled",-0.119301893693542,0.0784752133263382,-1.52024937093737,0.134858955515124,0.128448313298617,"log","PFNS","Eperc","proportion_beta",67,0.44310799669255
"fixed","cond","log_PFAS_scaled",0.121731736106676,0.0852310872152042,1.4282551130588,0.151109711348408,0.153218442564541,"log","PFNS","Mperc","proportion_beta",67,0.783522133241133
"fixed","cond","PFAS_scaled",-0.116731876548079,0.100748290936664,-1.15864870225405,0.237580381718904,0.246599408474812,"linear","PFNS","Bperc","proportion_beta",67,0.364289918635654
"fixed","cond","PFAS_scaled",-0.0867471331597363,0.0509533995012007,-1.70247979543921,0.0961651870049564,0.0886654628520626,"linear","PFNS","Total_count","total_count_nbinom2",67,0.245755477901555
"fixed","cond","log_PFAS_scaled",-0.0677597657533636,0.0804131192762026,-0.842645657366215,0.398094285474967,0.399426647996257,"log","PFOA","Lperc","proportion_beta",67,0.772241279607154
"fixed","cond","PFAS_scaled + PFAS_sq_scaled",0.627292551839412,0.313398512531407,2.00158113952933,0.0272363254607842,0.0453297991353062,"quadratic","PFOA","Hperc","proportion_beta",63,0.0696039428442262
"fixed","cond","PFAS_scaled",0.148961958813208,0.108898917000824,1.36789201321516,0.177282038274704,0.171345880115259,"linear","PFOA","Eperc","proportion_beta",67,0.509685860039774
"fixed","cond","PFAS_scaled",-0.0729172374211376,0.0982938800903451,-0.741828864158348,0.423011059184575,0.458191029956798,"linear","PFOA","Mperc","proportion_beta",67,0.783522133241133
"fixed","cond","log_PFAS_scaled",-0.0463319130796169,0.0997403738639701,-0.464525159518714,0.644826062063757,0.642271538140566,"log","PFOA","Bperc","proportion_beta",67,0.674136337612109
"fixed","cond","log_PFAS_scaled",0.05483816651139,0.0530232817710651,1.03422807264479,0.304103283594135,0.301029553275288,"log","PFOA","Total_count","total_count_nbinom2",67,0.411433854274418
"fixed","cond","log_PFAS_scaled",-0.0579025186348956,0.0773044541659528,-0.74901917696222,0.455009546401103,0.453845647048028,"log","PFOS","Lperc","proportion_beta",67,0.772241279607154
"fixed","cond","PFAS_scaled",-0.0983948323004659,0.094451454758859,-1.0417503102697,0.295816106180504,0.29752745709001,"linear","PFOS","Hperc","proportion_beta",63,0.377987246786199
"fixed","cond","PFAS_scaled + PFAS_sq_scaled",-0.414515226321833,0.329428539412092,-1.25828571823677,0.296721911379463,0.208288444297389,"quadratic","PFOS","Eperc","proportion_beta",67,0.554295694359465
"fixed","cond","log_PFAS_scaled",0.0444475532194907,0.084598795800042,0.525392268284138,0.59351379535446,0.599310527240287,"log","PFOS","Mperc","proportion_beta",67,0.84070785836664
"fixed","cond","PFAS_scaled",-0.126086337639558,0.104248798336911,-1.20947521363337,0.226820458081393,0.226480328013723,"linear","PFOS","Bperc","proportion_beta",67,0.364289918635654
"fixed","cond","PFAS_scaled",-0.0290601390738229,0.0557976992017411,-0.520812497460758,0.602827417634129,0.602497396206152,"linear","PFOS","Total_count","total_count_nbinom2",67,0.660239552646904
"fixed","cond","log_PFAS_scaled",-0.0634022434804481,0.0731892948793808,-0.866277555822034,0.389467448389829,0.386337971364012,"log","PFTEDA","Lperc","proportion_beta",67,0.772241279607154
"fixed","cond","log_PFAS_scaled",0.0879735742748168,0.0847912783820089,1.03753093423678,0.293800718303108,0.299488486713128,"log","PFTEDA","Hperc","proportion_beta",63,0.377987246786199
"fixed","cond","PFAS_scaled",-0.0580888138821746,0.0974583459780023,-0.596037345998937,0.552463059457684,0.551150278178665,"linear","PFTEDA","Eperc","proportion_beta",67,0.635332518376337
"fixed","cond","PFAS_scaled",-0.0378908568642534,0.0884959814655559,-0.428164717049905,0.665328176560251,0.66853120210438,"linear","PFTEDA","Mperc","proportion_beta",67,0.84070785836664
"fixed","cond","log_PFAS_scaled",-0.087990168293954,0.0854594061013556,-1.02961361783391,0.357191655417553,0.303191420093888,"log","PFTEDA","Bperc","proportion_beta",67,0.456411559700206
"fixed","cond","PFAS_scaled",-0.0832288451779941,0.0507951791201447,-1.63851858817418,0.109032425177241,0.101313559698342,"linear","PFTEDA","Total_count","total_count_nbinom2",67,0.250774577907653
"fixed","cond","log_PFAS_scaled",0.0334177798513315,0.0781644266023931,0.427531823668599,0.670469304418168,0.668992011056482,"log","PFTRDA","Lperc","proportion_beta",67,0.795059017882389
"fixed","cond","log_PFAS_scaled",0.126491053667476,0.0883147847245901,1.43227494764256,0.15897649793493,0.152065149855585,"log","PFTRDA","Hperc","proportion_beta",63,0.261175675178814
"fixed","cond","log_PFAS_scaled",-0.214821208222073,0.0935040748417145,-2.29745290337054,0.0241052763977311,0.0215929468058877,"log","PFTRDA","Eperc","proportion_beta",67,0.44310799669255
"fixed","cond","PFAS_scaled",-0.0950068446592681,0.0898389188418235,-1.05752435452327,0.277255919824101,0.290272345569755,"linear","PFTRDA","Mperc","proportion_beta",67,0.783522133241133
"fixed","cond","PFAS_scaled",0.151304346333915,0.100050426799688,1.51228086849488,0.154586488006591,0.130462425902851,"linear","PFTRDA","Bperc","proportion_beta",67,0.336763722143581
"fixed","cond","log_PFAS_scaled",-0.0915787984341392,0.050297657183368,-1.82073686057135,0.0745262935614256,0.0686468661602733,"log","PFTRDA","Total_count","total_count_nbinom2",67,0.214263093989098
"fixed","cond","log_PFAS_scaled",0.0515982467612885,0.0829304661068729,0.622186865497579,0.537211324944107,0.533819001606541,"log","PFUNDA","Lperc","proportion_beta",67,0.772241279607154
"fixed","cond","PFAS_scaled + PFAS_sq_scaled",0.814147375199243,0.31696375570994,2.56858192942504,0.040133473383967,0.0102115570208383,"quadratic","PFUNDA","Hperc","proportion_beta",63,0.0923069887831241
"fixed","cond","log_PFAS_scaled",-0.193068259569989,0.0999244921520207,-1.93214151417716,0.0554405791991218,0.0533420415599029,"log","PFUNDA","Eperc","proportion_beta",67,0.44310799669255
"fixed","cond","PFAS_scaled",-0.0874892739701051,0.0998409521433557,-0.876286454525038,0.365126542355916,0.380874326944076,"linear","PFUNDA","Mperc","proportion_beta",67,0.783522133241133
"fixed","cond","PFAS_scaled",0.149655817185606,0.101666617446024,1.47202514399636,0.169553419084975,0.141014087804286,"linear","PFUNDA","Bperc","proportion_beta",67,0.336763722143581
"fixed","cond","log_PFAS_scaled",-0.100438171766946,0.0538966668900805,-1.86353215444259,0.0707046224455557,0.0623874329878662,"log","PFUNDA","Total_count","total_count_nbinom2",67,0.214263093989098
"fixed","cond","log_PFAS_scaled",-0.0320633348239585,0.0772015863349036,-0.415319637149248,0.67785094382212,0.677907927660826,"log","TOTAL_PFAS","Lperc","proportion_beta",67,0.795059017882389
"fixed","cond","PFAS_scaled",-0.0515664311987872,0.091555386461302,-0.563226623706984,0.571542308492935,0.573280575831893,"linear","TOTAL_PFAS","Hperc","proportion_beta",63,0.597521504333523
"fixed","cond","PFAS_scaled + PFAS_sq_scaled",-0.562008572871133,0.338241534856378,-1.66155990602919,0.23819703856672,0.0966010480423114,"quadratic","TOTAL_PFAS","Eperc","proportion_beta",67,0.547853188703456
"fixed","cond","log_PFAS_scaled",0.0171910325396937,0.082606750038163,0.208106874217322,0.834247499595949,0.835145519816541,"log","TOTAL_PFAS","Mperc","proportion_beta",67,0.84070785836664
"fixed","cond","PFAS_scaled",-0.0600537385867693,0.0992058683657464,-0.605344618983291,0.544833370576252,0.544950040367396,"linear","TOTAL_PFAS","Bperc","proportion_beta",67,0.62655837616269
"fixed","cond","PFAS_scaled",-0.0564435061663452,0.0529294128751012,-1.06639207012434,0.289177399653454,0.286246444860337,"linear","TOTAL_PFAS","Total_count","total_count_nbinom2",67,0.411433854274418
"fixed","cond","log_PFAS_scaled",0.173223361849455,0.107493755907811,1.61147371199881,0.0916295956477524,0.107076512409435,"log","chain_long","Lperc","proportion_beta",70,0.527507883145658
"fixed","cond","log_PFAS_scaled",0.345132239999741,0.101508242980398,3.40004151255369,0.00183700610396164,0.000673756233444484,"log","chain_long","Hperc","proportion_beta",66,0.0139512006486515
"fixed","cond","log_PFAS_scaled",0.0720400015034637,0.0904206297519159,0.796720855640106,0.421087076671754,0.425613168771895,"log","chain_long","Eperc","proportion_beta",70,0.554295694359465
"fixed","cond","log_PFAS_scaled",0.103767113156247,0.127146422884138,0.816122945517737,0.398889206484391,0.414429821651718,"log","chain_long","Mperc","proportion_beta",70,0.783522133241133
"fixed","cond","log_PFAS_scaled",0.185614506059062,0.120326253286163,1.54259358194781,0.152782701249685,0.122929416228911,"log","chain_long","Bperc","proportion_beta",70,0.336763722143581
"fixed","cond","log_PFAS_scaled",0.14429023562841,0.0580757105727073,2.48451950403202,0.0183075385433882,0.0129726401590092,"log","chain_long","Total_count","total_count_nbinom2",70,0.105268346624482
"fixed","cond","log_PFAS_scaled",0.160181874816087,0.100923226812595,1.58716560969191,0.100988174800847,0.112475141416101,"log","chain_short","Lperc","proportion_beta",70,0.527507883145658
"fixed","cond","log_PFAS_scaled",0.329912971733979,0.101724878768018,3.2431886449955,0.00282357789762076,0.00118199921540683,"log","chain_short","Hperc","proportion_beta",66,0.0139512006486515
"fixed","cond","PFAS_scaled",0.155247770050718,0.0941768780082209,1.64847012700045,0.103277274209307,0.0992562359024693,"linear","chain_short","Eperc","proportion_beta",70,0.44310799669255
"fixed","cond","log_PFAS_scaled",0.0779157516478558,0.119897168852694,0.649854808027895,0.504293937271629,0.515786012024727,"log","chain_short","Mperc","proportion_beta",70,0.783522133241133
"fixed","cond","log_PFAS_scaled",0.171973923639768,0.118035308399847,1.45697017249451,0.175702811553173,0.145124613930325,"log","chain_short","Bperc","proportion_beta",70,0.336763722143581
"fixed","cond","log_PFAS_scaled",0.151429146222698,0.0569749824621466,2.65781821562307,0.0117005232078087,0.00786483026297224,"log","chain_short","Total_count","total_count_nbinom2",70,0.105268346624482
"fixed","cond","log_PFAS_scaled",-0.036640565681412,0.0914728212599961,-0.400562321973948,0.691355667723816,0.688742390592892,"log","func_amine","Lperc","proportion_beta",70,0.795059017882389
"fixed","cond","log_PFAS_scaled",-0.0473225510361318,0.0942225303443159,-0.502242413393079,0.617788440310034,0.61549701160124,"log","func_amine","Hperc","proportion_beta",66,0.617788440310034
"fixed","cond","log_PFAS_scaled",0.0961922451035674,0.104407318225239,0.92131707564838,0.362368771119741,0.356884908600174,"log","func_amine","Eperc","proportion_beta",70,0.554295694359465
"fixed","cond","PFAS_scaled",0.0971845944575195,0.0951747306066328,1.0211176205919,0.333853995487108,0.307198715755499,"linear","func_amine","Mperc","proportion_beta",70,0.783522133241133
"fixed","cond","log_PFAS_scaled",-0.232263291500559,0.120256577429368,-1.93139782010658,0.0644490588473663,0.0534338745352478,"log","func_amine","Bperc","proportion_beta",70,0.326131868971674
"fixed","cond","log_PFAS_scaled",0.0485543173888713,0.0593422019615512,0.818208893231337,0.417394475348253,0.413237917914395,"log","func_amine","Total_count","total_count_nbinom2",70,0.533337385167212
"fixed","cond","PFAS_scaled + PFAS_sq_scaled",0.617380704791909,0.202061746930129,3.05540615268161,0.016777045260638,0.0022475592953589,"quadratic","func_carboxyl","Lperc","proportion_beta",70,0.385872040994675
"fixed","cond","log_PFAS_scaled",0.348778127588385,0.0936339662347745,3.72491032489077,0.00060614695739281,0.000195384665360143,"log","func_carboxyl","Hperc","proportion_beta",66,0.0139413800200346
"fixed","cond","PFAS_scaled",-0.0672981033422237,0.0925153644369666,-0.727426236191026,0.46494590798385,0.466964887247899,"linear","func_carboxyl","Eperc","proportion_beta",70,0.562829257033081
"fixed","cond","PFAS_scaled",-0.0632228124928301,0.0817924135900564,-0.772966705808474,0.41569003378589,0.43954208500071,"linear","func_carboxyl","Mperc","proportion_beta",70,0.783522133241133
"fixed","cond","PFAS_scaled",0.172241787997158,0.0813924660742291,2.11618834401793,0.0632830954265511,0.0343287921588043,"linear","func_carboxyl","Bperc","proportion_beta",70,0.326131868971674
"fixed","cond","log_PFAS_scaled",0.125329658176766,0.0566105866182023,2.21389082261282,0.0338838335051141,0.0268362902110014,"log","func_carboxyl","Total_count","total_count_nbinom2",70,0.155865634123525
"fixed","cond","log_PFAS_scaled",0.162725851223627,0.107335450910444,1.51604944911815,0.114675626770795,0.129506849171575,"log","func_sulfonate","Lperc","proportion_beta",70,0.527507883145658
"fixed","cond","log_PFAS_scaled",0.33951987568014,0.104856896915246,3.23793556426306,0.00303286970622858,0.00120397998989492,"log","func_sulfonate","Hperc","proportion_beta",66,0.0139512006486515
"fixed","cond","log_PFAS_scaled",0.0787132185361589,0.0927583286516802,0.84858383802642,0.390188508366356,0.396112903299479,"log","func_sulfonate","Eperc","proportion_beta",70,0.554295694359465
"fixed","cond","log_PFAS_scaled",0.113877461197997,0.13088634177967,0.87004846838561,0.365886851777844,0.384273917332967,"log","func_sulfonate","Mperc","proportion_beta",70,0.783522133241133
"fixed","cond","log_PFAS_scaled",0.171978859643503,0.126492724729997,1.35959487006543,0.206681997245388,0.173958162413576,"log","func_sulfonate","Bperc","proportion_beta",70,0.364289918635654
"fixed","cond","log_PFAS_scaled",0.147639038114971,0.0588655217360805,2.50807321095192,0.0173427030522915,0.012139151319898,"log","func_sulfonate","Total_count","total_count_nbinom2",70,0.105268346624482
"fixed","cond","log_PFAS_scaled",0.173216796709381,0.107475096451403,1.61169240529786,0.0915772511548783,0.107028891165617,"log","age_Legacy","Lperc","proportion_beta",70,0.527507883145658
"fixed","cond","log_PFAS_scaled",0.34508684726368,0.101508681554735,3.39957964164479,0.00184006726840614,0.000674895219219312,"log","age_Legacy","Hperc","proportion_beta",66,0.0139512006486515
"fixed","cond","log_PFAS_scaled",0.0722424828091053,0.0904316646138584,0.798862689496864,0.419792098773715,0.424370035373895,"log","age_Legacy","Eperc","proportion_beta",70,0.554295694359465
"fixed","cond","log_PFAS_scaled",0.103627235058791,0.127129230765762,0.815133029867265,0.399463380813134,0.414996166896008,"log","age_Legacy","Mperc","proportion_beta",70,0.783522133241133
"fixed","cond","log_PFAS_scaled",0.185562855960836,0.12032335652256,1.54220145883351,0.152887919624787,0.123024645699443,"log","age_Legacy","Bperc","proportion_beta",70,0.336763722143581
"fixed","cond","log_PFAS_scaled",0.144358581410649,0.0580664756245745,2.48609167093232,0.0182364519755989,0.0129154691241279,"log","age_Legacy","Total_count","total_count_nbinom2",70,0.105268346624482
"fixed","cond","PFAS_scaled",-0.0518567024232669,0.0833746185496469,-0.621972289952822,0.534731122523866,0.533960088929725,"linear","age_next_gen","Lperc","proportion_beta",70,0.772241279607154
"fixed","cond","log_PFAS_scaled",-0.111338357033252,0.117950796354001,-0.943939002320058,0.333224312000527,0.345200819808886,"log","age_next_gen","Hperc","proportion_beta",66,0.395405423856048
"fixed","cond","log_PFAS_scaled",-0.0408848411139459,0.0901636627864598,-0.453451422118642,0.649757492928928,0.65022371566544,"log","age_next_gen","Eperc","proportion_beta",70,0.71163915892216
"fixed","cond","PFAS_scaled",0.0167041857994696,0.0800063932208402,0.208785637334773,0.835210063338416,0.834615583996381,"linear","age_next_gen","Mperc","proportion_beta",70,0.84070785836664
"fixed","cond","log_PFAS_scaled",-0.226736529945993,0.120895083620511,-1.87548180749614,0.0850778788621758,0.0607264699773103,"log","age_next_gen","Bperc","proportion_beta",70,0.326131868971674
"fixed","cond","PFAS_scaled",-0.0320565022915475,0.0562461106834489,-0.569932781165267,0.570009107207933,0.568723290048357,"linear","age_next_gen","Total_count","total_count_nbinom2",70,0.660239552646904
