"effect","term","estimate","std.error","statistic","df","p.value","best_shape_model","focal_terms","pfas_var","immune_var","n_obs","test_type","FDR_p"
"fixed","(Intercept)",-2.29598700400701,0.232751712343669,-9.86453324397838,80.4490928958545,1.67791788767355e-15,"log","log_PFAS_scaled","PFBA","log_igy",110,"covariate",3.08736891331933e-14
"fixed","log_PFAS_scaled",-0.0925901547265982,0.206398744138656,-0.448598440426544,109.916854443163,0.654604469435325,"log","log_PFAS_scaled","PFBA","log_igy",110,"main_effect",0.963394758214043
"fixed","DNA_sexM",0.0387036059842116,0.0743862747885883,0.520305743152353,103.550260338719,0.603961162025028,"log","log_PFAS_scaled","PFBA","log_igy",110,"covariate",0.731110880346087
"fixed","DNA_sexU",0.248375353081809,0.275157817755457,0.902665078200864,84.6762645752839,0.369264312381105,"log","log_PFAS_scaled","PFBA","log_igy",110,"covariate",0.573257407908194
"fixed","age",0.021355496854704,0.0049466460862758,4.31716692123046,77.7140220101701,4.61237424160655e-05,"log","log_PFAS_scaled","PFBA","log_igy",110,"covariate",0.000265211518892376
"fixed","log_PFAS_scaled:DNA_sexM",-0.0345851781757944,0.0682524936858767,-0.506724022934139,83.2407526376345,0.61368812960292,"log","log_PFAS_scaled","PFBA","log_igy",110,"interaction",0.996458388374059
"fixed","log_PFAS_scaled:DNA_sexU",-0.0555270818660612,0.241875243251618,-0.229569099836718,109.998221419235,0.81885295492904,"log","log_PFAS_scaled","PFBA","log_igy",110,"interaction",0.996458388374059
"fixed","log_PFAS_scaled:age",-0.000229957017173095,0.00418287846992547,-0.054975782544596,107.796402003737,0.95625952054768,"log","log_PFAS_scaled","PFBA","log_igy",110,"interaction",0.996458388374059
"fixed","(Intercept)",-2.24234627430568,0.2722356917633,-8.23678283983177,93.4005324549481,1.05476610622473e-12,"log","log_PFAS_scaled","PFDA","log_igy",110,"covariate",1.02145770287026e-11
"fixed","log_PFAS_scaled",0.148960504360627,0.23773786702298,0.62657458075969,105.163388572555,0.532295926919895,"log","log_PFAS_scaled","PFDA","log_igy",110,"main_effect",0.963394758214043
"fixed","DNA_sexM",0.0523296471973925,0.0758965007075359,0.689486955387346,93.6316780097328,0.492222119590633,"log","log_PFAS_scaled","PFDA","log_igy",110,"covariate",0.64630641387142
"fixed","DNA_sexU",0.825128775998646,0.950372368852225,0.86821629399344,93.1245529589141,0.387507890543137,"log","log_PFAS_scaled","PFDA","log_igy",110,"covariate",0.584438129999485
"fixed","age",0.0202169436195103,0.00572815318883602,3.52939995719955,92.3666148174865,0.000651444260957953,"log","log_PFAS_scaled","PFDA","log_igy",110,"covariate",0.00278757544223868
"fixed","log_PFAS_scaled:DNA_sexM",0.00250256673358846,0.0675683152486044,0.0370375778111494,74.067014357558,0.970554686963769,"log","log_PFAS_scaled","PFDA","log_igy",110,"interaction",0.996458388374059
"fixed","log_PFAS_scaled:DNA_sexU",-0.423396353981879,0.672947926158277,-0.629166593021488,109.186727258239,0.530554171782619,"log","log_PFAS_scaled","PFDA","log_igy",110,"interaction",0.996458388374059
"fixed","log_PFAS_scaled:age",-0.00189531904151363,0.00520780568884107,-0.36393812572055,106.79077396948,0.716623763736895,"log","log_PFAS_scaled","PFDA","log_igy",110,"interaction",0.996458388374059
"fixed","(Intercept)",-2.36847668981798,0.24717007656948,-9.58237632439378,92.8628072985824,1.58547989302695e-15,"linear","PFAS_scaled","PFDOA","log_igy",110,"covariate",3.08736891331933e-14
"fixed","PFAS_scaled",0.0652603973455532,0.245316653136266,0.266025141429363,95.1687408714203,0.790795323327935,"linear","PFAS_scaled","PFDOA","log_igy",110,"main_effect",0.963394758214043
"fixed","DNA_sexM",0.0560041893807615,0.0735751501964357,0.761183486968601,93.5496066020906,0.448462003056235,"linear","PFAS_scaled","PFDOA","log_igy",110,"covariate",0.634746219710363
"fixed","DNA_sexU",0.445626330328533,0.366315141691735,1.21651081162116,83.3820687807003,0.227222785044404,"linear","PFAS_scaled","PFDOA","log_igy",110,"covariate",0.491713850218811
"fixed","age",0.0227110515507625,0.00526967814207272,4.3097606606064,91.0601025157412,4.12654454376176e-05,"linear","PFAS_scaled","PFDOA","log_igy",110,"covariate",0.000253094732017388
"fixed","PFAS_scaled:DNA_sexM",-0.0152899948328631,0.0642583258296645,-0.237945739099922,71.752490912453,0.812601355556996,"linear","PFAS_scaled","PFDOA","log_igy",110,"interaction",0.996458388374059
"fixed","PFAS_scaled:DNA_sexU",-0.327980078084911,0.576972709932943,-0.568449897956231,109.178341279693,0.570896891436842,"linear","PFAS_scaled","PFDOA","log_igy",110,"interaction",0.996458388374059
"fixed","PFAS_scaled:age",-0.00289223622996066,0.00530499234350894,-0.545191405129837,96.5211428428457,0.58687950026142,"linear","PFAS_scaled","PFDOA","log_igy",110,"interaction",0.996458388374059
"fixed","(Intercept)",-2.5095821659749,0.290036144794443,-8.65265316415479,104.06734521553,6.73125007772744e-14,"exp","exp_PFAS_scaled","PFDS","log_igy",109,"covariate",7.74093758938656e-13
"fixed","exp_PFAS_scaled",-0.216200282654871,0.626040958100183,-0.345345268320725,79.2659747353882,0.730749601449646,"exp","exp_PFAS_scaled","PFDS","log_igy",109,"main_effect",0.963394758214043
"fixed","DNA_sexM",0.153672777469071,0.122233662471949,1.25720504778573,104.76000493943,0.211475028009947,"exp","exp_PFAS_scaled","PFDS","log_igy",109,"covariate",0.486392564422878
"fixed","DNA_sexU",2.15460114274289,2.9565194962582,0.728762704074767,104.311000248932,0.467779860045156,"exp","exp_PFAS_scaled","PFDS","log_igy",109,"covariate",0.636869867974324
"fixed","age",0.0238785959686607,0.00545784316458395,4.37509749704963,96.6083352860197,3.06880520738812e-05,"exp","exp_PFAS_scaled","PFDS","log_igy",109,"covariate",0.000217646539649556
"fixed","exp_PFAS_scaled:DNA_sexM",0.51882590973587,0.47883322131481,1.08352112309845,105.918293910306,0.281037539806292,"exp","exp_PFAS_scaled","PFDS","log_igy",109,"interaction",0.996458388374059
"fixed","exp_PFAS_scaled:DNA_sexU",8.56908916601426,13.3617902248845,0.641312954461407,108.154032023444,0.522676102252555,"exp","exp_PFAS_scaled","PFDS","log_igy",109,"interaction",0.996458388374059
"fixed","exp_PFAS_scaled:age",-0.00632774047011595,0.0075955658645201,-0.833083483572129,56.3057186392637,0.408317628569616,"exp","exp_PFAS_scaled","PFDS","log_igy",109,"interaction",0.996458388374059
"fixed","(Intercept)",-2.35976375689931,0.242739121005713,-9.72139862384925,91.3987911667093,9.36350227313608e-16,"log","log_PFAS_scaled","PFHPA","log_igy",110,"covariate",2.46126345465291e-14
"fixed","log_PFAS_scaled",0.246361101074898,0.272764479623679,0.903200817843995,79.3860777114166,0.369151846600156,"log","log_PFAS_scaled","PFHPA","log_igy",110,"main_effect",0.963394758214043
"fixed","DNA_sexM",0.0562211404514509,0.0723514469513298,0.777056200261902,93.0518482737622,0.439096586345678,"log","log_PFAS_scaled","PFHPA","log_igy",110,"covariate",0.626308309206238
"fixed","DNA_sexU",0.446355285873349,0.371611853288896,1.20113306914983,83.0240025767591,0.233115030006028,"log","log_PFAS_scaled","PFHPA","log_igy",110,"covariate",0.491713850218811
"fixed","age",0.0227381597417282,0.00517745202383866,4.39176638180989,89.4797454190476,3.07544023417851e-05,"log","log_PFAS_scaled","PFHPA","log_igy",110,"covariate",0.000217646539649556
"fixed","log_PFAS_scaled:DNA_sexM",0.0930753018578511,0.070873938663264,1.31325143788142,90.7204298778188,0.192410149412274,"log","log_PFAS_scaled","PFHPA","log_igy",110,"interaction",0.996458388374059
"fixed","log_PFAS_scaled:DNA_sexU",-0.112974034411928,0.199888094802738,-0.565186408542327,109.719368015412,0.573100847063062,"log","log_PFAS_scaled","PFHPA","log_igy",110,"interaction",0.996458388374059
"fixed","log_PFAS_scaled:age",-0.00535608263301452,0.00575761702857837,-0.930260315409864,83.9957373073706,0.354902243026719,"log","log_PFAS_scaled","PFHPA","log_igy",110,"interaction",0.996458388374059
"fixed","(Intercept)",-2.39917034070903,0.258439514147088,-9.28329535298369,93.9959330857502,6.14570962119369e-15,"power","log_PFAS_scaled","PFHPS","log_igy",110,"covariate",1.02800960936331e-13
"fixed","log_PFAS_scaled",0.0803653174968775,0.238635576217819,0.336770060736973,77.8953623218757,0.73719588937503,"power","log_PFAS_scaled","PFHPS","log_igy",110,"main_effect",0.963394758214043
"fixed","DNA_sexM",0.0542640521565245,0.075464003796089,0.719072000249962,97.1735466975054,0.473822235932483,"power","log_PFAS_scaled","PFHPS","log_igy",110,"covariate",0.636869867974324
"fixed","DNA_sexU",-0.552522324356285,1.30737370686773,-0.422620036990069,105.757437652524,0.673430537370172,"power","log_PFAS_scaled","PFHPS","log_igy",110,"covariate",0.779315841988124
"fixed","age",0.0236254973141884,0.00553134847154553,4.27120031141107,95.2128051612275,4.6036978392984e-05,"power","log_PFAS_scaled","PFHPS","log_igy",110,"covariate",0.000265211518892376
"fixed","log_PFAS_scaled:DNA_sexM",0.00917795108904126,0.0596572871442005,0.153844593483723,53.5878138898479,0.878310183837644,"power","log_PFAS_scaled","PFHPS","log_igy",110,"interaction",0.996458388374059
"fixed","log_PFAS_scaled:DNA_sexU",2.50932545399416,3.80265688137155,0.659887424049971,109.197019948107,0.510715528047924,"power","log_PFAS_scaled","PFHPS","log_igy",110,"interaction",0.996458388374059
"fixed","log_PFAS_scaled:age",-0.00275322965258305,0.00729163562316684,-0.377587388464057,67.9860652204649,0.70691336452053,"power","log_PFAS_scaled","PFHPS","log_igy",110,"interaction",0.996458388374059
"fixed","(Intercept)",-2.20382417086621,0.217799662913657,-10.1185839380288,81.0950919369758,4.906014048911e-16,"log","log_PFAS_scaled","PFHXA","log_igy",110,"covariate",2.46126345465291e-14
"fixed","log_PFAS_scaled",0.201119742663954,0.195123565677019,1.03073015279384,96.1849379724019,0.305252255797862,"log","log_PFAS_scaled","PFHXA","log_igy",110,"main_effect",0.963394758214043
"fixed","DNA_sexM",0.0827341001780586,0.0700939182057783,1.18033207867153,105.915814429666,0.240512209346157,"log","log_PFAS_scaled","PFHXA","log_igy",110,"covariate",0.491713850218811
"fixed","DNA_sexU",0.265633862086433,0.249664677075703,1.06396253245663,108.594782867532,0.289705789921407,"log","log_PFAS_scaled","PFHXA","log_igy",110,"covariate",0.523752551960231
"fixed","age",0.0183037415939614,0.00463424644185926,3.94966944973647,78.3956729152533,0.000169870143924063,"log","log_PFAS_scaled","PFHXA","log_igy",110,"covariate",0.000868225180056322
"fixed","log_PFAS_scaled:DNA_sexM",-0.0618720791367971,0.072109051573075,-0.858034848428096,109.071770980727,0.392754786703175,"log","log_PFAS_scaled","PFHXA","log_igy",110,"interaction",0.996458388374059
"fixed","log_PFAS_scaled:age",-0.00879713937516669,0.0044089325503446,-1.99529915114694,95.3356413576182,0.0488644760378908,"log","log_PFAS_scaled","PFHXA","log_igy",110,"interaction",0.996458388374059
"fixed","(Intercept)",-2.0217648252556,0.259341735678175,-7.79575574277977,83.2394126554091,1.63134831714471e-11,"log","log_PFAS_scaled","PFHXS","log_igy",110,"covariate",1.36440041070285e-10
"fixed","log_PFAS_scaled",0.253811916692268,0.200146596292054,1.26813006763255,87.061593479681,0.20813224738103,"log","log_PFAS_scaled","PFHXS","log_igy",110,"main_effect",0.963394758214043
"fixed","DNA_sexM",0.0672910822283981,0.0724749053356879,0.928474234174166,96.621202964592,0.355475333557782,"log","log_PFAS_scaled","PFHXS","log_igy",110,"covariate",0.573257407908194
"fixed","DNA_sexU",-0.207785819169547,0.911690911609985,-0.22791257050332,100.160777706885,0.820178825822078,"log","log_PFAS_scaled","PFHXS","log_igy",110,"covariate",0.866925146011716
"fixed","age",0.0151084312008964,0.00555267295794637,2.72092941819577,82.9143447959023,0.00793075424010778,"log","log_PFAS_scaled","PFHXS","log_igy",110,"covariate",0.0256010312312251
"fixed","log_PFAS_scaled:DNA_sexM",0.0186508143193741,0.0688413217976725,0.270924698020611,88.3924924886229,0.787080601847459,"log","log_PFAS_scaled","PFHXS","log_igy",110,"interaction",0.996458388374059
"fixed","log_PFAS_scaled:DNA_sexU",0.41795364833643,0.903708218048191,0.462487382530521,109.487112039773,0.644649657870863,"log","log_PFAS_scaled","PFHXS","log_igy",110,"interaction",0.996458388374059
"fixed","log_PFAS_scaled:age",-0.00196118935997318,0.00422440893843805,-0.464251777835295,92.3785073181008,0.64355960011579,"log","log_PFAS_scaled","PFHXS","log_igy",110,"interaction",0.996458388374059
"fixed","(Intercept)",-2.11788049030805,0.279279864233219,-7.58336264636489,97.5561161516657,1.9844740023737e-11,"power","log_PFAS_scaled","PFNA","log_igy",110,"covariate",1.58757920189896e-10
"fixed","log_PFAS_scaled",0.359265766963848,0.2677215547435,1.34193814654952,105.885819804438,0.182486608442905,"power","log_PFAS_scaled","PFNA","log_igy",110,"main_effect",0.963394758214043
"fixed","DNA_sexM",0.0505940581237054,0.073894112631002,0.684683208476325,91.879213703224,0.495267414977555,"power","log_PFAS_scaled","PFNA","log_igy",110,"covariate",0.64630641387142
"fixed","DNA_sexU",0.599876494849018,0.576712102333092,1.04016630208073,83.9683753090513,0.30124847636719,"power","log_PFAS_scaled","PFNA","log_igy",110,"covariate",0.532596430301773
"fixed","age",0.017888798915632,0.00587750547743954,3.04360395482354,96.130981754469,0.00301492466703744,"power","log_PFAS_scaled","PFNA","log_igy",110,"covariate",0.0108773752693115
"fixed","log_PFAS_scaled:DNA_sexM",0.034522042789187,0.0743710601457597,0.464186509127708,92.3247806343807,0.643606817109809,"power","log_PFAS_scaled","PFNA","log_igy",110,"interaction",0.996458388374059
"fixed","log_PFAS_scaled:DNA_sexU",-0.275110635078217,0.414056859643283,-0.664427188370287,109.343012689648,0.507815712627496,"power","log_PFAS_scaled","PFNA","log_igy",110,"interaction",0.996458388374059
"fixed","log_PFAS_scaled:age",-0.00607977316278478,0.00553007939570011,-1.09940070074077,105.931079184048,0.274085628056429,"power","log_PFAS_scaled","PFNA","log_igy",110,"interaction",0.996458388374059
"fixed","(Intercept)",-2.24333477808569,0.247116181802973,-9.07805697594629,96.9112508928934,1.32181961422334e-14,"quadratic","PFAS_scaled + PFAS_sq_scaled","PFNS","log_igy",110,"covariate",1.87088314628535e-13
"fixed","PFAS_scaled",0.2249310438632,0.582187461535026,0.386355012301597,105.431145026346,0.700012371850098,"quadratic","PFAS_scaled + PFAS_sq_scaled","PFNS","log_igy",110,"main_effect",0.963394758214043
"fixed","PFAS_sq_scaled",-0.176948325361691,0.60299239184613,-0.293450344903927,108.781436468513,0.76973705824042,"quadratic","PFAS_scaled + PFAS_sq_scaled","PFNS","log_igy",110,"main_effect",0.963394758214043
"fixed","DNA_sexM",0.0934780990501406,0.075653498927827,1.23560840377414,98.4965951507498,0.219543075543498,"quadratic","PFAS_scaled + PFAS_sq_scaled","PFNS","log_igy",110,"covariate",0.491713850218811
"fixed","DNA_sexU",-1.70193358181402,3.26870556538651,-0.520675095314916,109.791717909692,0.603641606222098,"quadratic","PFAS_scaled + PFAS_sq_scaled","PFNS","log_igy",110,"covariate",0.731110880346087
"fixed","age",0.0190896297845955,0.0053501742171865,3.5680389104477,98.0771097527502,0.000558459202819804,"quadratic","PFAS_scaled + PFAS_sq_scaled","PFNS","log_igy",110,"covariate",0.00244658317425819
"fixed","PFAS_scaled:DNA_sexM",-0.138082226075579,0.241581859233719,-0.57157530997388,87.5095141092266,0.569074933405343,"quadratic","PFAS_scaled + PFAS_sq_scaled","PFNS","log_igy",110,"interaction",0.996458388374059
"fixed","PFAS_scaled:DNA_sexU",-8.00015817455326,13.323327228796,-0.600462484871072,109.565973451705,0.549438084528363,"quadratic","PFAS_scaled + PFAS_sq_scaled","PFNS","log_igy",110,"interaction",0.996458388374059
"fixed","PFAS_scaled:age",0.00142240991958744,0.0131833982058328,0.107894026819134,109.900742201248,0.914276485887873,"quadratic","PFAS_scaled + PFAS_sq_scaled","PFNS","log_igy",110,"interaction",0.996458388374059
"fixed","PFAS_sq_scaled:DNA_sexM",0.235901556310841,0.283136892290316,0.833171383646317,98.964734207424,0.406754377862782,"quadratic","PFAS_scaled + PFAS_sq_scaled","PFNS","log_igy",110,"interaction",0.996458388374059
"fixed","PFAS_sq_scaled:age",-0.00707105768831578,0.0131228041963326,-0.538837399577441,108.470545812353,0.591103227711502,"quadratic","PFAS_scaled + PFAS_sq_scaled","PFNS","log_igy",110,"interaction",0.996458388374059
"fixed","(Intercept)",-2.41780063019141,0.237074319435087,-10.1984923375618,84.0384983435388,2.31798834059908e-16,"power","log_PFAS_scaled","PFOA","log_igy",110,"covariate",2.46126345465291e-14
"fixed","log_PFAS_scaled",-0.115830664205328,0.220992937075842,-0.524137403384871,95.9106213721046,0.601392168677631,"power","log_PFAS_scaled","PFOA","log_igy",110,"main_effect",0.963394758214043
"fixed","DNA_sexM",0.0848360689705214,0.0748918557234885,1.13278096998622,97.8888269778562,0.260073240936297,"power","log_PFAS_scaled","PFOA","log_igy",110,"covariate",0.507107761449967
"fixed","DNA_sexU",1.10805454164901,1.42575756185958,0.777168974088271,102.309877336214,0.438852364345159,"power","log_PFAS_scaled","PFOA","log_igy",110,"covariate",0.626308309206238
"fixed","age",0.0234402406672143,0.00505280859228089,4.63905177469491,82.2202158628455,1.30563741351781e-05,"power","log_PFAS_scaled","PFOA","log_igy",110,"covariate",0.000100098868369699
"fixed","log_PFAS_scaled:DNA_sexM",0.00417943889978553,0.0735258713380999,0.0568431060213741,71.156363811919,0.954829493810031,"power","log_PFAS_scaled","PFOA","log_igy",110,"interaction",0.996458388374059
"fixed","log_PFAS_scaled:DNA_sexU",-1.26009394490701,2.09145002912891,-0.602497753882192,109.767162939827,0.548085521663213,"power","log_PFAS_scaled","PFOA","log_igy",110,"interaction",0.996458388374059
"fixed","log_PFAS_scaled:age",0.00481286675822293,0.00485530020355905,0.991260386885034,101.780361589133,0.323909200861831,"power","log_PFAS_scaled","PFOA","log_igy",110,"interaction",0.996458388374059
"fixed","(Intercept)",-2.28237556684194,0.246992118628946,-9.24068176552116,94.3801814307076,7.32161964466515e-15,"exp","exp_PFAS_scaled","PFOS","log_igy",110,"covariate",1.12264834551532e-13
"fixed","exp_PFAS_scaled",0.374696145662478,0.178320470729854,2.10125143865352,104.682984213262,0.0380195317792031,"exp","exp_PFAS_scaled","PFOS","log_igy",110,"main_effect",0.735044281064594
"fixed","DNA_sexM",0.0674041358176005,0.0729748371109592,0.923662710135435,97.1747470346366,0.357949830345741,"exp","exp_PFAS_scaled","PFOS","log_igy",110,"covariate",0.573257407908194
"fixed","DNA_sexU",1.1306477486982,1.26568475378771,0.893309131926099,98.7500698131032,0.373863526896648,"exp","exp_PFAS_scaled","PFOS","log_igy",110,"covariate",0.573257407908194
"fixed","age",0.0199913753291243,0.00537866015995461,3.71679465417146,93.691217110343,0.000343207429287359,"exp","exp_PFAS_scaled","PFOS","log_igy",110,"covariate",0.00166184649970721
"fixed","exp_PFAS_scaled:DNA_sexM",-0.0697374979987549,0.0796587220800527,-0.875453386368318,104.050350251657,0.383343721435413,"exp","exp_PFAS_scaled","PFOS","log_igy",110,"interaction",0.996458388374059
"fixed","exp_PFAS_scaled:DNA_sexU",2.45257493612391,3.59506777642595,0.682205479464465,109.352696575942,0.496551541197786,"exp","exp_PFAS_scaled","PFOS","log_igy",110,"interaction",0.996458388374059
"fixed","exp_PFAS_scaled:age",-0.0114038111977838,0.00518386649195029,-2.19986591388726,109.940349315628,0.029909051571094,"exp","exp_PFAS_scaled","PFOS","log_igy",110,"interaction",0.996458388374059
"fixed","(Intercept)",-2.29841923526436,0.264183042365786,-8.70010131869848,90.4361645018458,1.39862133429739e-13,"quadratic","PFAS_scaled + PFAS_sq_scaled","PFTEDA","log_igy",110,"covariate",1.51380191476894e-12
"fixed","PFAS_scaled",0.172974342975996,0.67588518360679,0.255922673216384,105.255041790603,0.798510037955821,"quadratic","PFAS_scaled + PFAS_sq_scaled","PFTEDA","log_igy",110,"main_effect",0.963394758214043
"fixed","PFAS_sq_scaled",-0.1431764050721,0.7299064150192,-0.196157208822906,105.460931077475,0.844864604314665,"quadratic","PFAS_scaled + PFAS_sq_scaled","PFTEDA","log_igy",110,"main_effect",0.963394758214043
"fixed","DNA_sexM",0.0537195756330118,0.0759019885117526,0.707749252507316,93.693906929816,0.48085785721265,"quadratic","PFAS_scaled + PFAS_sq_scaled","PFTEDA","log_igy",110,"covariate",0.641143809616866
"fixed","DNA_sexU",0.496286874686077,0.441791874751947,1.12334993703704,81.726317340692,0.264577962495635,"quadratic","PFAS_scaled + PFAS_sq_scaled","PFTEDA","log_igy",110,"covariate",0.507107761449967
"fixed","age",0.0209551908052475,0.00571232448262058,3.66841744879908,91.6179000457767,0.000409435903221124,"quadratic","PFAS_scaled + PFAS_sq_scaled","PFTEDA","log_igy",110,"covariate",0.00183779131840239
"fixed","PFAS_scaled:DNA_sexM",-0.233662498290832,0.233338206122376,-1.00138979455549,102.486302060292,0.31899689863543,"quadratic","PFAS_scaled + PFAS_sq_scaled","PFTEDA","log_igy",110,"interaction",0.996458388374059
"fixed","PFAS_scaled:DNA_sexU",-0.401042292764533,0.740522652980965,-0.54156654242803,109.263205184537,0.589219758396515,"quadratic","PFAS_scaled + PFAS_sq_scaled","PFTEDA","log_igy",110,"interaction",0.996458388374059
"fixed","PFAS_scaled:age",-0.00228953229040202,0.0167261558965426,-0.13688335231141,106.848229780925,0.891380591995526,"quadratic","PFAS_scaled + PFAS_sq_scaled","PFTEDA","log_igy",110,"interaction",0.996458388374059
"fixed","PFAS_sq_scaled:DNA_sexM",0.24335603665731,0.271502908201507,0.896329392084057,109.62824358895,0.372040880668686,"quadratic","PFAS_scaled + PFAS_sq_scaled","PFTEDA","log_igy",110,"interaction",0.996458388374059
"fixed","PFAS_sq_scaled:age",-0.000886946469054213,0.0186389147776299,-0.0475857355235463,107.390720882162,0.962134783456746,"quadratic","PFAS_scaled + PFAS_sq_scaled","PFTEDA","log_igy",110,"interaction",0.996458388374059
"fixed","(Intercept)",-2.25210710382179,0.271985907030626,-8.28023454747674,97.8069163727288,6.45568927151081e-13,"linear","PFAS_scaled","PFTRDA","log_igy",110,"covariate",6.59914903309994e-12
"fixed","PFAS_scaled",0.47592511931769,0.354367046945507,1.34302871392801,109.858910062893,0.182030755096415,"linear","PFAS_scaled","PFTRDA","log_igy",110,"main_effect",0.963394758214043
"fixed","DNA_sexM",0.0294413980510456,0.0749452711606323,0.392838635381585,93.2778539929048,0.695334990426355,"linear","PFAS_scaled","PFTRDA","log_igy",110,"covariate",0.789882336539654
"fixed","DNA_sexU",0.578482860776524,0.552827848957512,1.04640687307521,81.9318440553436,0.298450512196797,"linear","PFAS_scaled","PFTRDA","log_igy",110,"covariate",0.532596430301773
"fixed","age",0.0209555744703109,0.00567208860482072,3.69450760210282,95.13771559379,0.000367862340662721,"linear","PFAS_scaled","PFTRDA","log_igy",110,"covariate",0.0017355556585113
"fixed","PFAS_scaled:DNA_sexM",0.00983965096381328,0.0694627053927288,0.141653724947535,74.7809781856432,0.887734453153249,"linear","PFAS_scaled","PFTRDA","log_igy",110,"interaction",0.996458388374059
"fixed","PFAS_scaled:DNA_sexU",-0.355766673238213,0.571615781367065,-0.622387773107608,109.254634015298,0.534983734343659,"linear","PFAS_scaled","PFTRDA","log_igy",110,"interaction",0.996458388374059
"fixed","PFAS_scaled:age",-0.0098702635912228,0.00699923849656949,-1.41019106522238,109.980560535487,0.161305201162371,"linear","PFAS_scaled","PFTRDA","log_igy",110,"interaction",0.996458388374059
"fixed","(Intercept)",-2.18553986799003,0.269800619790725,-8.10057393376366,96.7643880159633,1.66278674099003e-12,"linear","PFAS_scaled","PFUNDA","log_igy",110,"covariate",1.52976380171083e-11
"fixed","PFAS_scaled",0.469843559568253,0.341160236433916,1.3771932053965,109.470358060182,0.171262068254631,"linear","PFAS_scaled","PFUNDA","log_igy",110,"main_effect",0.963394758214043
"fixed","DNA_sexM",0.0461897150602735,0.0730088589503192,0.632659046098837,91.2173218212022,0.528539093361745,"linear","PFAS_scaled","PFUNDA","log_igy",110,"covariate",0.671762955941016
"fixed","DNA_sexU",0.491540898418547,0.425280050172958,1.15580521169202,80.623700968604,0.251174517737219,"linear","PFAS_scaled","PFUNDA","log_igy",110,"covariate",0.502349035474439
"fixed","age",0.0194459270993429,0.00565942245516971,3.43602677718106,94.365042797882,0.000879317349237883,"linear","PFAS_scaled","PFUNDA","log_igy",110,"covariate",0.00351726939695153
"fixed","PFAS_scaled:DNA_sexM",0.042650550288006,0.0691747580443315,0.616562334206834,74.6235998369819,0.539399903109597,"linear","PFAS_scaled","PFUNDA","log_igy",110,"interaction",0.996458388374059
"fixed","PFAS_scaled:DNA_sexU",-0.202368507792916,0.299138256410907,-0.676504938622544,109.522167954259,0.500146337208423,"linear","PFAS_scaled","PFUNDA","log_igy",110,"interaction",0.996458388374059
"fixed","PFAS_scaled:age",-0.00866333595991245,0.00671015453442071,-1.2910784566097,109.992944933305,0.199383348186276,"linear","PFAS_scaled","PFUNDA","log_igy",110,"interaction",0.996458388374059
"fixed","(Intercept)",-2.35208203142392,0.258502128775283,-9.09888844075475,91.072007351035,1.94891037451513e-14,"quadratic","PFAS_scaled + PFAS_sq_scaled","TOTAL_PFAS","log_igy",110,"covariate",2.56142506364846e-13
"fixed","PFAS_scaled",0.845923062836517,0.704801621229238,1.2002285995897,109.998865231787,0.232629073199029,"quadratic","PFAS_scaled + PFAS_sq_scaled","TOTAL_PFAS","log_igy",110,"main_effect",0.963394758214043
"fixed","PFAS_sq_scaled",-0.648745270661711,0.690679755307639,-0.93928519791745,106.805027553077,0.349703721480879,"quadratic","PFAS_scaled + PFAS_sq_scaled","TOTAL_PFAS","log_igy",110,"main_effect",0.963394758214043
"fixed","DNA_sexM",0.0273579299461578,0.0744863896626887,0.367287635634484,101.139874120116,0.71417187961544,"quadratic","PFAS_scaled + PFAS_sq_scaled","TOTAL_PFAS","log_igy",110,"covariate",0.806181753676324
"fixed","DNA_sexU",0.580567130643503,0.444713113326426,1.30548687062744,81.5897909358816,0.195396456811917,"quadratic","PFAS_scaled + PFAS_sq_scaled","TOTAL_PFAS","log_igy",110,"covariate",0.460935231453754
"fixed","age",0.0229535638061707,0.00547118958482898,4.19535156848128,90.054819249565,6.37134859913199e-05,"quadratic","PFAS_scaled + PFAS_sq_scaled","TOTAL_PFAS","log_igy",110,"covariate",0.000355250952194026
"fixed","PFAS_scaled:DNA_sexM",-0.130385903185345,0.249733431641234,-0.522100314437103,65.1664304149175,0.603370760015203,"quadratic","PFAS_scaled + PFAS_sq_scaled","TOTAL_PFAS","log_igy",110,"interaction",0.996458388374059
"fixed","PFAS_scaled:DNA_sexU",-0.476564521574001,0.735061483420352,-0.648332870546385,109.401384101743,0.518128163448403,"quadratic","PFAS_scaled + PFAS_sq_scaled","TOTAL_PFAS","log_igy",110,"interaction",0.996458388374059
"fixed","PFAS_scaled:age",-0.0257063170631576,0.0176381810426224,-1.45742449298137,109.82750178517,0.14785265659762,"quadratic","PFAS_scaled + PFAS_sq_scaled","TOTAL_PFAS","log_igy",110,"interaction",0.996458388374059
"fixed","PFAS_sq_scaled:DNA_sexM",0.0778172303094407,0.260771115823738,0.298412000361418,71.5691173064386,0.766253412609634,"quadratic","PFAS_scaled + PFAS_sq_scaled","TOTAL_PFAS","log_igy",110,"interaction",0.996458388374059
"fixed","PFAS_sq_scaled:age",0.0198520846470165,0.0170607628662978,1.16361060771982,106.995916654384,0.24717017516033,"quadratic","PFAS_scaled + PFAS_sq_scaled","TOTAL_PFAS","log_igy",110,"interaction",0.996458388374059
"fixed","(Intercept)",-2.32848355439344,0.239073006039327,-9.73963390082781,93.0748417669785,7.21667341435537e-16,"linear","PFAS_scaled","chain_long","log_igy",115,"covariate",2.46126345465291e-14
"fixed","PFAS_scaled",0.111838404893311,0.19140514603163,0.584301975218732,114.955608541526,0.560162080651377,"linear","PFAS_scaled","chain_long","log_igy",115,"main_effect",0.963394758214043
"fixed","DNA_sexM",0.0322341528644295,0.0719407539836373,0.448065263143629,102.462481221531,0.65505208524157,"linear","PFAS_scaled","chain_long","log_igy",115,"covariate",0.769020459431289
"fixed","DNA_sexU",0.484385482588849,0.392978734832878,1.23259973035142,81.6379511194523,0.221263037010294,"linear","PFAS_scaled","chain_long","log_igy",115,"covariate",0.491713850218811
"fixed","age",0.0219229606404219,0.00507935389199942,4.31609238233098,89.9765175788081,4.06978936001222e-05,"linear","PFAS_scaled","chain_long","log_igy",115,"covariate",0.000253094732017388
"fixed","PFAS_scaled:DNA_sexM",-0.111107070877835,0.0744510111326538,-1.49235140245266,86.2834973614371,0.139254535115626,"linear","PFAS_scaled","chain_long","log_igy",115,"interaction",0.996458388374059
"fixed","PFAS_scaled:DNA_sexU",-0.82486510753334,1.26830453102379,-0.650368336118378,113.060271451603,0.516773749445903,"linear","PFAS_scaled","chain_long","log_igy",115,"interaction",0.996458388374059
"fixed","PFAS_scaled:age",-0.00329422915351647,0.00370362811890718,-0.889460023456268,112.798471574066,0.375648911594005,"linear","PFAS_scaled","chain_long","log_igy",115,"interaction",0.996458388374059
"fixed","(Intercept)",-2.37608121077691,0.244917679688597,-9.70155038949413,96.5385750752214,6.18131433579783e-16,"exp","exp_PFAS_scaled","chain_short","log_igy",115,"covariate",2.46126345465291e-14
"fixed","exp_PFAS_scaled",0.0536961223520053,0.118101288511193,0.45466161317043,77.2486848822971,0.650627813479415,"exp","exp_PFAS_scaled","chain_short","log_igy",115,"main_effect",0.963394758214043
"fixed","DNA_sexM",0.118619141577774,0.126424345095411,0.938261863158189,107.698919913961,0.350209273769278,"exp","exp_PFAS_scaled","chain_short","log_igy",115,"covariate",0.573257407908194
"fixed","DNA_sexU",0.790496147808581,0.789211015313733,1.00162837627695,89.8015636274836,0.319214463937892,"exp","exp_PFAS_scaled","chain_short","log_igy",115,"covariate",0.548929545463292
"fixed","age",0.0227174040763668,0.0052108951133887,4.35959726343319,93.3844615337104,3.34849888982371e-05,"exp","exp_PFAS_scaled","chain_short","log_igy",115,"covariate",0.000228193998417616
"fixed","exp_PFAS_scaled:DNA_sexM",0.307626765674417,0.626165509424579,0.491286666295487,106.600874529921,0.624233685315098,"exp","exp_PFAS_scaled","chain_short","log_igy",115,"interaction",0.996458388374059
"fixed","exp_PFAS_scaled:DNA_sexU",4.28572399138592,6.27146238706145,0.683369161270539,112.593799841291,0.495777451093414,"exp","exp_PFAS_scaled","chain_short","log_igy",115,"interaction",0.996458388374059
"fixed","exp_PFAS_scaled:age",-0.000608302863201167,0.00303545130887753,-0.200399479781512,65.4364152684666,0.841789702756682,"exp","exp_PFAS_scaled","chain_short","log_igy",115,"interaction",0.996458388374059
"fixed","(Intercept)",-2.06751250006142,0.270629677729907,-7.63963700287458,98.2174895265178,1.46204612596697e-11,"quadratic","PFAS_scaled + PFAS_sq_scaled","func_amine","log_igy",115,"covariate",1.28103089132344e-10
"fixed","PFAS_scaled",-0.844050720892341,0.756994461623122,-1.115002504883,87.8463402947515,0.267890430032027,"quadratic","PFAS_scaled + PFAS_sq_scaled","func_amine","log_igy",115,"main_effect",0.963394758214043
"fixed","PFAS_sq_scaled",1.43720899147615,1.35520321615234,1.0605117921404,89.5262156526102,0.29176453641389,"quadratic","PFAS_scaled + PFAS_sq_scaled","func_amine","log_igy",115,"main_effect",0.963394758214043
"fixed","DNA_sexM",0.0155326090300985,0.106886039400598,0.145319343079819,113.284430950587,0.884716988107569,"quadratic","PFAS_scaled + PFAS_sq_scaled","func_amine","log_igy",115,"covariate",0.911506102567586
"fixed","DNA_sexU",0.272098551282601,0.256078098250729,1.06256080914888,108.470505274213,0.29034108858665,"quadratic","PFAS_scaled + PFAS_sq_scaled","func_amine","log_igy",115,"covariate",0.523752551960231
"fixed","age",0.0165262147925819,0.00587530200011451,2.81282813926157,94.4235772446205,0.00597413299987977,"quadratic","PFAS_scaled + PFAS_sq_scaled","func_amine","log_igy",115,"covariate",0.0203563050366274
"fixed","PFAS_scaled:DNA_sexM",0.0226768860248617,0.300604202531975,0.0754376879426678,114.644238079017,0.939997955350856,"quadratic","PFAS_scaled + PFAS_sq_scaled","func_amine","log_igy",115,"interaction",0.996458388374059
"fixed","PFAS_scaled:age",0.0123059113974234,0.0156592670124252,0.785854879903319,85.2297747221728,0.434131863385412,"quadratic","PFAS_scaled + PFAS_sq_scaled","func_amine","log_igy",115,"interaction",0.996458388374059
"fixed","PFAS_sq_scaled:DNA_sexM",-0.35984699710829,0.749515556583038,-0.480106108469309,103.452869838606,0.632165530859104,"quadratic","PFAS_scaled + PFAS_sq_scaled","func_amine","log_igy",115,"interaction",0.996458388374059
"fixed","PFAS_sq_scaled:age",-0.0241811278586886,0.0275513413126223,-0.877675158690383,88.6466333759097,0.382492574377779,"quadratic","PFAS_scaled + PFAS_sq_scaled","func_amine","log_igy",115,"interaction",0.996458388374059
"fixed","(Intercept)",-2.25353593172769,0.260132406036617,-8.66303420655125,105.222721688412,5.93277157386812e-14,"exp","exp_PFAS_scaled","func_carboxyl","log_igy",115,"covariate",7.27753313061156e-13
"fixed","exp_PFAS_scaled",0.590906597206528,0.586682114355271,1.00720063343997,90.0553180579326,0.316536996283342,"exp","exp_PFAS_scaled","func_carboxyl","log_igy",115,"main_effect",0.963394758214043
"fixed","DNA_sexM",0.129591698997503,0.0963472954112456,1.34504760558517,114.753970206734,0.181262051638853,"exp","exp_PFAS_scaled","func_carboxyl","log_igy",115,"covariate",0.447798817003678
"fixed","DNA_sexU",0.20798944380389,0.275983518376398,0.753629945104999,78.9135248871139,0.453314199720169,"exp","exp_PFAS_scaled","func_carboxyl","log_igy",115,"covariate",0.63671612785123
"fixed","age",0.020638257454792,0.00546643151253284,3.77545340273171,100.162101659051,0.000270958865088668,"exp","exp_PFAS_scaled","func_carboxyl","log_igy",115,"covariate",0.00134747111287338
"fixed","exp_PFAS_scaled:DNA_sexM",0.442459131663413,0.360166606902273,1.22848460458043,111.516205384148,0.221851418565468,"exp","exp_PFAS_scaled","func_carboxyl","log_igy",115,"interaction",0.996458388374059
"fixed","exp_PFAS_scaled:DNA_sexU",-1.49631953240427,2.20528183405149,-0.678516237380539,112.585422998972,0.498836740617868,"exp","exp_PFAS_scaled","func_carboxyl","log_igy",115,"interaction",0.996458388374059
"fixed","exp_PFAS_scaled:age",-0.0112880193013778,0.0109205921700823,-1.0336453486746,83.3420832291632,0.304292098504654,"exp","exp_PFAS_scaled","func_carboxyl","log_igy",115,"interaction",0.996458388374059
"fixed","(Intercept)",-2.31334209384498,0.24035976128144,-9.62449821680534,97.7158958981272,8.1180305073457e-16,"exp","exp_PFAS_scaled","func_sulfonate","log_igy",115,"covariate",2.46126345465291e-14
"fixed","exp_PFAS_scaled",0.342865668499874,0.154999379747527,2.21204542275173,99.7764795300691,0.0292444782734909,"exp","exp_PFAS_scaled","func_sulfonate","log_igy",115,"main_effect",0.735044281064594
"fixed","DNA_sexM",0.0588089553027811,0.0697994165259868,0.842542219258897,100.353303146256,0.401488083363263,"exp","exp_PFAS_scaled","func_sulfonate","log_igy",115,"covariate",0.59456868746314
"fixed","DNA_sexU",1.09435436937316,1.20139500155325,0.910903048504694,97.7738400315765,0.364586738745251,"exp","exp_PFAS_scaled","func_sulfonate","log_igy",115,"covariate",0.573257407908194
"fixed","age",0.02085088357118,0.0051290083862055,4.0652855291207,96.6551731211008,9.7792621680815e-05,"exp","exp_PFAS_scaled","func_sulfonate","log_igy",115,"covariate",0.00051410978255057
"fixed","exp_PFAS_scaled:DNA_sexM",-0.0756636739547155,0.0733490436200979,-1.03155638056586,104.857906937527,0.304653418024785,"exp","exp_PFAS_scaled","func_sulfonate","log_igy",115,"interaction",0.996458388374059
"fixed","exp_PFAS_scaled:DNA_sexU",2.20022614056741,3.12599122676577,0.703849109277194,112.578538646492,0.48298002518578,"exp","exp_PFAS_scaled","func_sulfonate","log_igy",115,"interaction",0.996458388374059
"fixed","exp_PFAS_scaled:age",-0.0101412871897404,0.00410167524120105,-2.47247443870539,101.532400966904,0.0150795605886259,"exp","exp_PFAS_scaled","func_sulfonate","log_igy",115,"interaction",0.996458388374059
"fixed","(Intercept)",-2.32874386978361,0.239209214086236,-9.73517629193033,93.0802736595516,7.37106255085165e-16,"linear","PFAS_scaled","age_Legacy","log_igy",115,"covariate",2.46126345465291e-14
"fixed","PFAS_scaled",0.112544153527547,0.190969571109969,0.589330294210795,114.9455528187,0.556796251937558,"linear","PFAS_scaled","age_Legacy","log_igy",115,"main_effect",0.963394758214043
"fixed","DNA_sexM",0.0321399544424245,0.0719812255615045,0.446504684960698,102.453783988865,0.656175065927785,"linear","PFAS_scaled","age_Legacy","log_igy",115,"covariate",0.769020459431289
"fixed","DNA_sexU",0.493769807553852,0.403612970502855,1.22337447911714,81.3516570484276,0.224720106616741,"linear","PFAS_scaled","age_Legacy","log_igy",115,"covariate",0.491713850218811
"fixed","age",0.0219297611279174,0.00508243516125704,4.31481375209388,89.9895060765393,4.0888473269788e-05,"linear","PFAS_scaled","age_Legacy","log_igy",115,"covariate",0.000253094732017388
"fixed","PFAS_scaled:DNA_sexM",-0.110874425008997,0.074483623360305,-1.48857453500424,86.3316985912797,0.140243361221527,"linear","PFAS_scaled","age_Legacy","log_igy",115,"interaction",0.996458388374059
"fixed","PFAS_scaled:DNA_sexU",-0.851734160687824,1.30672728563405,-0.651807129193408,113.052928156407,0.515848528905979,"linear","PFAS_scaled","age_Legacy","log_igy",115,"interaction",0.996458388374059
"fixed","PFAS_scaled:age",-0.00328794029438798,0.00369485471457179,-0.889869980928068,112.674041150698,0.375431756121158,"linear","PFAS_scaled","age_Legacy","log_igy",115,"interaction",0.996458388374059
"fixed","(Intercept)",-2.24075596919436,0.228209637951991,-9.81884897282803,84.0651084384315,1.32967906275188e-15,"log","log_PFAS_scaled","age_next_gen","log_igy",115,"covariate",3.05826184432932e-14
"fixed","log_PFAS_scaled",-0.103380708590301,0.221452956298811,-0.466829209770438,109.068693282559,0.641553256562189,"log","log_PFAS_scaled","age_next_gen","log_igy",115,"main_effect",0.963394758214043
"fixed","DNA_sexM",0.0374754359221104,0.0711074412581049,0.527025516022755,107.335073310592,0.599263438978775,"log","log_PFAS_scaled","age_next_gen","log_igy",115,"covariate",0.731110880346087
"fixed","DNA_sexU",0.243708684759492,0.26779009928223,0.910073544215094,89.2078548649239,0.365236151349117,"log","log_PFAS_scaled","age_next_gen","log_igy",115,"covariate",0.573257407908194
"fixed","age",0.0200280072658932,0.00483807457446234,4.1396648517182,79.7639673483238,8.57131066153771e-05,"log","log_PFAS_scaled","age_next_gen","log_igy",115,"covariate",0.000463859165212629
"fixed","log_PFAS_scaled:DNA_sexM",-0.0269564535633345,0.065960670676939,-0.408674643339534,93.8617257874264,0.683709355360445,"log","log_PFAS_scaled","age_next_gen","log_igy",115,"interaction",0.996458388374059
"fixed","log_PFAS_scaled:DNA_sexU",-0.0543457193513614,0.237901081897883,-0.228438302666857,114.653279755202,0.819712450678036,"log","log_PFAS_scaled","age_next_gen","log_igy",115,"interaction",0.996458388374059
"fixed","log_PFAS_scaled:age",-0.000217485398815154,0.00433060073336721,-0.0502206073026848,114.962412190678,0.960033741359102,"log","log_PFAS_scaled","age_next_gen","log_igy",115,"interaction",0.996458388374059
"fixed","(Intercept)",1.76008463325639,1.51561996211136,1.1612968140143,73.4269908450258,0.249282536086333,"power","log_PFAS_scaled","PFBA","log_clysis",110,"covariate",0.502349035474439
"fixed","log_PFAS_scaled",1.95946315605808,1.45232306578734,1.3491923403391,94.9789679110414,0.180482799323733,"power","log_PFAS_scaled","PFBA","log_clysis",110,"main_effect",0.963394758214043
"fixed","DNA_sexM",0.607879640751592,0.54098828265445,1.12364659317375,109.327951600022,0.263624247834677,"power","log_PFAS_scaled","PFBA","log_clysis",110,"covariate",0.507107761449967
"fixed","DNA_sexU",1.26319623876737,2.0870509003567,0.605254159614159,102.745839404984,0.54634467536911,"power","log_PFAS_scaled","PFBA","log_clysis",110,"covariate",0.688543974437783
"fixed","age",-0.0993598216219537,0.0318698007416234,-3.11767941153725,69.5437271418269,0.00265073250911851,"power","log_PFAS_scaled","PFBA","log_clysis",110,"covariate",0.00975469563355613
"fixed","log_PFAS_scaled:DNA_sexM",0.145068031774488,0.52417856662517,0.276753078075059,105.266307681668,0.782512400295771,"power","log_PFAS_scaled","PFBA","log_clysis",110,"interaction",0.996458388374059
"fixed","log_PFAS_scaled:DNA_sexU",0.167467252300115,1.74361799498508,0.0960458384702253,101.018815358683,0.923674447104162,"power","log_PFAS_scaled","PFBA","log_clysis",110,"interaction",0.996458388374059
"fixed","log_PFAS_scaled:age",-0.0338938318515193,0.0300583646151648,-1.12760066242657,103.830060786426,0.262087612085913,"power","log_PFAS_scaled","PFBA","log_clysis",110,"interaction",0.996458388374059
"fixed","(Intercept)",0.445685459972135,1.4500929674361,0.307349576875854,109.999999997369,0.759158432486555,"log","log_PFAS_scaled","PFDA","log_clysis",110,"covariate",0.83643803339836
"fixed","log_PFAS_scaled",0.110483195948912,1.35204440540418,0.0817156563107731,109.999999998683,0.935021329754977,"log","log_PFAS_scaled","PFDA","log_clysis",110,"main_effect",0.971388864288028
"fixed","DNA_sexM",0.327749389342235,0.519449268159618,0.630955532006879,109.999999997477,0.529378416366562,"log","log_PFAS_scaled","PFDA","log_clysis",110,"covariate",0.671762955941016
"fixed","DNA_sexU",-0.327261628020438,5.83494141388588,-0.0560865319472835,109.999999997685,0.955374621139112,"log","log_PFAS_scaled","PFDA","log_clysis",110,"covariate",0.966852668007603
"fixed","age",-0.0643693951190092,0.0302426752036346,-2.128429270413,109.999999998315,0.0355336723209692,"log","log_PFAS_scaled","PFDA","log_clysis",110,"covariate",0.100587626262436
"fixed","log_PFAS_scaled:DNA_sexM",-0.0760188084743405,0.519022806841333,-0.146465256386276,109.99999999842,0.883822202025234,"log","log_PFAS_scaled","PFDA","log_clysis",110,"interaction",0.996458388374059
"fixed","log_PFAS_scaled:DNA_sexU",2.31678902891937,4.48188029450828,0.51692345102527,109.999999998513,0.606247394888455,"log","log_PFAS_scaled","PFDA","log_clysis",110,"interaction",0.996458388374059
"fixed","log_PFAS_scaled:age",-0.0297723289407744,0.0291258106936523,-1.02219743353832,109.999999997705,0.308930280485598,"log","log_PFAS_scaled","PFDA","log_clysis",110,"interaction",0.996458388374059
"fixed","(Intercept)",1.77015192103867,1.49282363341125,1.18577431480884,69.4426229824469,0.239753033027848,"log","log_PFAS_scaled","PFDOA","log_clysis",110,"covariate",0.491713850218811
"fixed","log_PFAS_scaled",0.564275392643426,1.24856635451363,0.451938649959244,81.8538631603121,0.652508510681692,"log","log_PFAS_scaled","PFDOA","log_clysis",110,"main_effect",0.963394758214043
"fixed","DNA_sexM",0.649135784328004,0.540803509921232,1.2003172546394,108.696380810009,0.232625616730662,"log","log_PFAS_scaled","PFDOA","log_clysis",110,"covariate",0.491713850218811
"fixed","DNA_sexU",0.489699005900066,3.42985182920936,0.142775557162465,106.618683046216,0.886736914997815,"log","log_PFAS_scaled","PFDOA","log_clysis",110,"covariate",0.911506102567586
"fixed","age",-0.0986956540147767,0.0312769646069201,-3.1555381174342,66.3962231007921,0.00240811703976377,"log","log_PFAS_scaled","PFDOA","log_clysis",110,"covariate",0.0090427252105415
"fixed","log_PFAS_scaled:DNA_sexM",0.374352278724752,0.513173883890873,0.729484275166971,93.8343761827595,0.467522544755556,"log","log_PFAS_scaled","PFDOA","log_clysis",110,"interaction",0.996458388374059
"fixed","log_PFAS_scaled:DNA_sexU",2.05451623182549,5.30033492855838,0.387620076753204,107.016883243225,0.699067085641602,"log","log_PFAS_scaled","PFDOA","log_clysis",110,"interaction",0.996458388374059
"fixed","log_PFAS_scaled:age",-0.0328030325455457,0.0298946798718947,-1.09728663046783,75.3213026619245,0.276011735259936,"log","log_PFAS_scaled","PFDOA","log_clysis",110,"interaction",0.996458388374059
"fixed","(Intercept)",2.2110010144622,1.65075607854144,1.339386868359,77.2082650580766,0.184374301810939,"quadratic","PFAS_scaled + PFAS_sq_scaled","PFDS","log_clysis",109,"covariate",0.447798817003678
"fixed","PFAS_scaled",0.754268329794467,4.38368012291299,0.172062812213873,100.769324378797,0.863733231502245,"quadratic","PFAS_scaled + PFAS_sq_scaled","PFDS","log_clysis",109,"main_effect",0.963394758214043
"fixed","PFAS_sq_scaled",1.40806244247419,6.46098362248439,0.217933139092645,108.985537939502,0.827888728880261,"quadratic","PFAS_scaled + PFAS_sq_scaled","PFDS","log_clysis",109,"main_effect",0.963394758214043
"fixed","DNA_sexM",0.719674360532444,0.672152816945306,1.070700504988,107.420665671814,0.286703933381697,"quadratic","PFAS_scaled + PFAS_sq_scaled","PFDS","log_clysis",109,"covariate",0.523752551960231
"fixed","DNA_sexU",1.25255266444767,2.93000448706349,0.427491722274801,107.323809606375,0.669877711855117,"quadratic","PFAS_scaled + PFAS_sq_scaled","PFDS","log_clysis",109,"covariate",0.779315841988124
"fixed","age",-0.110598256512152,0.0317191187352628,-3.48680105003035,66.843902763133,0.000868812815798516,"quadratic","PFAS_scaled + PFAS_sq_scaled","PFDS","log_clysis",109,"covariate",0.00351726939695153
"fixed","PFAS_scaled:DNA_sexM",0.529294191179446,2.15324749594346,0.245812054664683,108.711322669366,0.806291213601247,"quadratic","PFAS_scaled + PFAS_sq_scaled","PFDS","log_clysis",109,"interaction",0.996458388374059
"fixed","PFAS_scaled:DNA_sexU",-0.373277447115245,7.78498375157146,-0.0479483912911052,107.703903855541,0.96184617239723,"quadratic","PFAS_scaled + PFAS_sq_scaled","PFDS","log_clysis",109,"interaction",0.996458388374059
"fixed","PFAS_scaled:age",-0.0628986805769275,0.0994479735787517,-0.632478252833566,105.303094503312,0.528445371556639,"quadratic","PFAS_scaled + PFAS_sq_scaled","PFDS","log_clysis",109,"interaction",0.996458388374059
"fixed","PFAS_sq_scaled:DNA_sexM",-0.0417732421638072,3.37650143952625,-0.0123717531036114,108.745864081966,0.990151689713464,"quadratic","PFAS_scaled + PFAS_sq_scaled","PFDS","log_clysis",109,"interaction",0.996458388374059
"fixed","PFAS_sq_scaled:age",0.0112457066915332,0.123337327913058,0.0911784524751532,107.055298258345,0.927521183789799,"quadratic","PFAS_scaled + PFAS_sq_scaled","PFDS","log_clysis",109,"interaction",0.996458388374059
"fixed","(Intercept)",2.03785504607737,1.4381457969432,1.41700170484026,68.0857621636109,0.161042126311609,"log","log_PFAS_scaled","PFHPA","log_clysis",110,"covariate",0.411552100574111
"fixed","log_PFAS_scaled",0.725309469021126,1.57117502452294,0.461635055102376,69.1228170152893,0.645792585260933,"log","log_PFAS_scaled","PFHPA","log_clysis",110,"main_effect",0.963394758214043
"fixed","DNA_sexM",0.694990985235919,0.528842862814213,1.31417295023621,107.645537622437,0.191581522567949,"log","log_PFAS_scaled","PFHPA","log_clysis",110,"covariate",0.457805196785748
"fixed","DNA_sexU",0.962353767087358,2.34767398937942,0.409917974744757,107.466293882573,0.682682112191907,"log","log_PFAS_scaled","PFHPA","log_clysis",110,"covariate",0.785084429020693
"fixed","age",-0.106694647376512,0.0301567574586323,-3.53800130942033,63.5577673595125,0.000759448210474875,"log","log_PFAS_scaled","PFHPA","log_clysis",110,"covariate",0.00317587433471311
"fixed","log_PFAS_scaled:DNA_sexM",-1.02016867303329,0.530968707566744,-1.92133483291019,109.940412959058,0.0572788055457696,"log","log_PFAS_scaled","PFHPA","log_clysis",110,"interaction",0.996458388374059
"fixed","log_PFAS_scaled:DNA_sexU",0.307216157192615,1.42283204055819,0.21591877919202,105.474016551535,0.829468074172809,"log","log_PFAS_scaled","PFHPA","log_clysis",110,"interaction",0.996458388374059
"fixed","log_PFAS_scaled:age",-0.015548724316381,0.0338157513359267,-0.459807152055251,73.8060148894283,0.647006285460887,"log","log_PFAS_scaled","PFHPA","log_clysis",110,"interaction",0.996458388374059
"fixed","(Intercept)",1.49168977769246,1.58313833150643,0.942235904472761,71.6096419954535,0.349239843793983,"log","log_PFAS_scaled","PFHPS","log_clysis",110,"covariate",0.573257407908194
"fixed","log_PFAS_scaled",1.20333350097403,1.89156364710233,0.63615808160482,102.843428939701,0.526086643115383,"log","log_PFAS_scaled","PFHPS","log_clysis",110,"main_effect",0.963394758214043
"fixed","DNA_sexM",0.731798964794522,0.548547292172819,1.33406722672139,109.081288669273,0.184960380936302,"log","log_PFAS_scaled","PFHPS","log_clysis",110,"covariate",0.447798817003678
"fixed","DNA_sexU",3.2021176996978,9.53811755598405,0.335717994761854,105.135744471539,0.73775255731821,"log","log_PFAS_scaled","PFHPS","log_clysis",110,"covariate",0.822705882100307
"fixed","age",-0.0914132349193977,0.03393474955425,-2.69379429994789,72.1261743240238,0.00878076045414071,"log","log_PFAS_scaled","PFHPS","log_clysis",110,"covariate",0.0278562055786533
"fixed","log_PFAS_scaled:DNA_sexM",0.261668071979087,0.530522236610733,0.493227340762881,67.433326141941,0.623454430568674,"log","log_PFAS_scaled","PFHPS","log_clysis",110,"interaction",0.996458388374059
"fixed","log_PFAS_scaled:DNA_sexU",-5.19118287728907,26.5143284182451,-0.195787831975292,105.003189184966,0.845154623266952,"log","log_PFAS_scaled","PFHPS","log_clysis",110,"interaction",0.996458388374059
"fixed","log_PFAS_scaled:age",-0.0486131426261411,0.0592050506914608,-0.821097897196,100.293604541797,0.41353799145163,"log","log_PFAS_scaled","PFHPS","log_clysis",110,"interaction",0.996458388374059
"fixed","(Intercept)",0.538807984539489,1.37271910795709,0.392511462407887,109.999999996148,0.695439883257739,"power","log_PFAS_scaled","PFHXA","log_clysis",110,"covariate",0.789882336539654
"fixed","log_PFAS_scaled",-0.599304265108961,1.27100243112671,-0.471520943180017,109.999999996861,0.638202662794666,"power","log_PFAS_scaled","PFHXA","log_clysis",110,"main_effect",0.963394758214043
"fixed","DNA_sexM",0.272236257486338,0.500249954858189,0.544200463873127,109.999999995687,0.58740495113622,"power","log_PFAS_scaled","PFHXA","log_clysis",110,"covariate",0.725385979926607
"fixed","DNA_sexU",2.0220091949903,1.79833827953906,1.12437644129367,109.99999999632,0.263300981584513,"power","log_PFAS_scaled","PFHXA","log_clysis",110,"covariate",0.507107761449967
"fixed","age",-0.0639973683265067,0.0289494413262541,-2.21065987440897,109.999999996705,0.0291291560354133,"power","log_PFAS_scaled","PFHXA","log_clysis",110,"covariate",0.0837463236018132
"fixed","log_PFAS_scaled:DNA_sexM",-0.198449936266178,0.506444050058146,-0.39184967469436,109.999999995494,0.69592740410479,"power","log_PFAS_scaled","PFHXA","log_clysis",110,"interaction",0.996458388374059
"fixed","log_PFAS_scaled:age",0.0476526287557778,0.0285822155032681,1.66721256266258,109.9999999966,0.0983168707890515,"power","log_PFAS_scaled","PFHXA","log_clysis",110,"interaction",0.996458388374059
"fixed","(Intercept)",0.460989354480564,1.4660406310713,0.314445142044731,49.4436058026747,0.754506036535631,"log","log_PFAS_scaled","PFHXS","log_clysis",110,"covariate",0.836319944111784
"fixed","log_PFAS_scaled",0.00834438772887321,1.19316876666065,0.00699346811786473,69.2156508306602,0.994440183015067,"log","log_PFAS_scaled","PFHXS","log_clysis",110,"main_effect",0.994440183015067
"fixed","DNA_sexM",0.386065870187777,0.526074696965005,0.733861317442262,105.6681243837,0.464658459695432,"log","log_PFAS_scaled","PFHXS","log_clysis",110,"covariate",0.636869867974324
"fixed","DNA_sexU",2.44290906379735,6.83499625589722,0.357411909580728,109.764250371367,0.721469749888573,"log","log_PFAS_scaled","PFHXS","log_clysis",110,"covariate",0.809453865728643
"fixed","age",-0.0647606056944695,0.0311157200618022,-2.08128256604191,47.141945808199,0.0428646037899737,"log","log_PFAS_scaled","PFHXS","log_clysis",110,"covariate",0.117717717870972
"fixed","log_PFAS_scaled:DNA_sexM",0.178196563134367,0.524089769534935,0.340011527590959,109.999205323738,0.734496250731752,"log","log_PFAS_scaled","PFHXS","log_clysis",110,"interaction",0.996458388374059
"fixed","log_PFAS_scaled:DNA_sexU",-0.22801869388979,6.42289282777234,-0.0355009339255742,109.758106440347,0.971744786227605,"log","log_PFAS_scaled","PFHXS","log_clysis",110,"interaction",0.996458388374059
"fixed","log_PFAS_scaled:age",-0.0265400636192172,0.0257735409577241,-1.02974068106321,77.7315262081358,0.306325286327017,"log","log_PFAS_scaled","PFHXS","log_clysis",110,"interaction",0.996458388374059
"fixed","(Intercept)",0.25158389997621,1.61504411610157,0.155775249399062,64.4504195438608,0.876697061377983,"log","log_PFAS_scaled","PFNA","log_clysis",110,"covariate",0.911368696573723
"fixed","log_PFAS_scaled",-0.397296911463024,1.62846479002085,-0.243970219004819,82.0817950654184,0.807862655340869,"log","log_PFAS_scaled","PFNA","log_clysis",110,"main_effect",0.963394758214043
"fixed","DNA_sexM",0.442863974406187,0.528513255661226,0.83794298376134,107.67342246684,0.403918945287459,"log","log_PFAS_scaled","PFNA","log_clysis",110,"covariate",0.59456868746314
"fixed","DNA_sexU",0.195201991723748,3.55758254367251,0.0548692797222464,108.622835683501,0.956343399877085,"log","log_PFAS_scaled","PFNA","log_clysis",110,"covariate",0.966852668007603
"fixed","age",-0.0620042224949361,0.0335654188089192,-1.84726497374911,62.4691610026074,0.0694454245057727,"log","log_PFAS_scaled","PFNA","log_clysis",110,"covariate",0.185187798682061
"fixed","log_PFAS_scaled:DNA_sexM",0.0105975202563788,0.534582605345699,0.0198239152385546,108.3147408177,0.984220312051831,"log","log_PFAS_scaled","PFNA","log_clysis",110,"interaction",0.996458388374059
"fixed","log_PFAS_scaled:DNA_sexU",1.73001074115663,2.85352414459787,0.606271632371427,107.799520309348,0.545608970590002,"log","log_PFAS_scaled","PFNA","log_clysis",110,"interaction",0.996458388374059
"fixed","log_PFAS_scaled:age",-0.0148533945514143,0.0331084286101514,-0.448628798615349,73.9630166104773,0.655011074243708,"log","log_PFAS_scaled","PFNA","log_clysis",110,"interaction",0.996458388374059
"fixed","(Intercept)",1.27933824496839,1.51787330285427,0.842849164395128,70.99980138417,0.402143275444481,"log","log_PFAS_scaled","PFNS","log_clysis",110,"covariate",0.59456868746314
"fixed","log_PFAS_scaled",0.297060397359092,1.44269030892509,0.205907252250432,99.3331570196951,0.837284779155671,"log","log_PFAS_scaled","PFNS","log_clysis",110,"main_effect",0.963394758214043
"fixed","DNA_sexM",0.516053427548918,0.554765175417799,0.930219578329287,109.997063508093,0.354294429466116,"log","log_PFAS_scaled","PFNS","log_clysis",110,"covariate",0.573257407908194
"fixed","DNA_sexU",-32.6174161382621,146.745179881386,-0.222272487345933,108.092209942577,0.824521198652447,"log","log_PFAS_scaled","PFNS","log_clysis",110,"covariate",0.866925146011716
"fixed","age",-0.0854719787940048,0.0328650857620637,-2.60069240082938,73.8044690210971,0.011233277816841,"log","log_PFAS_scaled","PFNS","log_clysis",110,"covariate",0.033883985545881
"fixed","log_PFAS_scaled:DNA_sexM",0.128492425202833,0.584830217148624,0.219708936773661,107.190549800286,0.826515705907673,"log","log_PFAS_scaled","PFNS","log_clysis",110,"interaction",0.996458388374059
"fixed","log_PFAS_scaled:DNA_sexU",67.6856119986695,291.060763126261,0.232548046915234,108.091980385814,0.816552118709013,"log","log_PFAS_scaled","PFNS","log_clysis",110,"interaction",0.996458388374059
"fixed","log_PFAS_scaled:age",-0.0284046727532876,0.0365107715196596,-0.777980622458029,104.178459059848,0.438343726574886,"log","log_PFAS_scaled","PFNS","log_clysis",110,"interaction",0.996458388374059
"fixed","(Intercept)",2.28897130094802,1.34596194215949,1.70062111657893,62.7524589286536,0.0939654094134258,"log","log_PFAS_scaled","PFOA","log_clysis",110,"covariate",0.246994790458148
"fixed","log_PFAS_scaled",1.06284494670455,1.29942076207969,0.817937482392925,71.176239616064,0.416122715420858,"log","log_PFAS_scaled","PFOA","log_clysis",110,"main_effect",0.963394758214043
"fixed","DNA_sexM",0.263940161210566,0.524747772534589,0.502984814848677,107.887202921105,0.616000240238714,"log","log_PFAS_scaled","PFOA","log_clysis",110,"covariate",0.740810746430871
"fixed","DNA_sexU",-0.578025455013149,9.40567132598721,-0.061454991885173,109.884096635157,0.951108497479942,"log","log_PFAS_scaled","PFOA","log_clysis",110,"covariate",0.966852668007603
"fixed","age",-0.10590102478257,0.0282465015837832,-3.7491731309965,58.3458946495303,0.000409507848122272,"log","log_PFAS_scaled","PFOA","log_clysis",110,"covariate",0.00183779131840239
"fixed","log_PFAS_scaled:DNA_sexM",0.0491452654122657,0.575295630107774,0.085426105884133,103.0994497104,0.932088312496512,"log","log_PFAS_scaled","PFOA","log_clysis",110,"interaction",0.996458388374059
"fixed","log_PFAS_scaled:DNA_sexU",3.74535375041787,14.3181331762244,0.261581150581636,109.889342724272,0.794134033701058,"log","log_PFAS_scaled","PFOA","log_clysis",110,"interaction",0.996458388374059
"fixed","log_PFAS_scaled:age",-0.047239949205989,0.0288567352516745,-1.63705106603311,70.4821057066107,0.106077445962848,"log","log_PFAS_scaled","PFOA","log_clysis",110,"interaction",0.996458388374059
"fixed","(Intercept)",0.407730013972383,1.59757225424742,0.255218512269703,70.4596688842765,0.799297849415871,"quadratic","PFAS_scaled + PFAS_sq_scaled","PFOS","log_clysis",110,"covariate",0.865122378191296
"fixed","PFAS_scaled",-2.19101134844611,4.29846321920087,-0.509719692065538,91.8593101685626,0.611470307243284,"quadratic","PFAS_scaled + PFAS_sq_scaled","PFOS","log_clysis",110,"main_effect",0.963394758214043
"fixed","PFAS_sq_scaled",0.342696613196829,4.38720296187944,0.0781127785002272,101.124171985863,0.937892696553957,"quadratic","PFAS_scaled + PFAS_sq_scaled","PFOS","log_clysis",110,"main_effect",0.971388864288028
"fixed","DNA_sexM",0.637279796039319,0.533896536660595,1.19363912720874,106.885171689726,0.23526172624135,"quadratic","PFAS_scaled + PFAS_sq_scaled","PFOS","log_clysis",110,"covariate",0.491713850218811
"fixed","DNA_sexU",1.24363970257547,2.23949038826761,0.555322634600593,103.697218508047,0.579870025370254,"quadratic","PFAS_scaled + PFAS_sq_scaled","PFOS","log_clysis",110,"covariate",0.720919491000856
"fixed","age",-0.0640180958216024,0.0342837267520675,-1.86730270849979,68.7468752155672,0.0661231341622145,"quadratic","PFAS_scaled + PFAS_sq_scaled","PFOS","log_clysis",110,"covariate",0.178921421850698
"fixed","PFAS_scaled:DNA_sexM",1.91456160385815,1.89703402636013,1.00923946394976,93.9669271209091,0.315451580308355,"quadratic","PFAS_scaled + PFAS_sq_scaled","PFOS","log_clysis",110,"interaction",0.996458388374059
"fixed","PFAS_scaled:DNA_sexU",-1.72527235204779,6.7315076164713,-0.256298061347539,106.12807974922,0.798216849864658,"quadratic","PFAS_scaled + PFAS_sq_scaled","PFOS","log_clysis",110,"interaction",0.996458388374059
"fixed","PFAS_scaled:age",-0.00201416120860256,0.105234722579463,-0.0191397017945447,88.8345626765003,0.98477258301423,"quadratic","PFAS_scaled + PFAS_sq_scaled","PFOS","log_clysis",110,"interaction",0.996458388374059
"fixed","PFAS_sq_scaled:DNA_sexM",-2.02787901501462,1.93274970937592,-1.04921967142317,105.999383009845,0.296463374882501,"quadratic","PFAS_scaled + PFAS_sq_scaled","PFOS","log_clysis",110,"interaction",0.996458388374059
"fixed","PFAS_sq_scaled:age",0.0693591071177723,0.11172875266588,0.620781181771423,97.1709390516924,0.53619699318627,"quadratic","PFAS_scaled + PFAS_sq_scaled","PFOS","log_clysis",110,"interaction",0.996458388374059
"fixed","(Intercept)",1.10255467810791,1.53104884857136,0.720130307492618,61.0900353382634,0.474191151698274,"quadratic","PFAS_scaled + PFAS_sq_scaled","PFTEDA","log_clysis",110,"covariate",0.636869867974324
"fixed","PFAS_scaled",3.09412335516344,4.25348836485567,0.727431954611312,88.3966770406481,0.468883674392443,"quadratic","PFAS_scaled + PFAS_sq_scaled","PFTEDA","log_clysis",110,"main_effect",0.963394758214043
"fixed","PFAS_sq_scaled",-2.87691927506984,4.65392145562493,-0.618170998909461,94.6308072725029,0.537947614198033,"quadratic","PFAS_scaled + PFAS_sq_scaled","PFTEDA","log_clysis",110,"main_effect",0.963394758214043
"fixed","DNA_sexM",0.410539150872432,0.555105907334044,0.739569054208215,109.17380690172,0.461148822677049,"quadratic","PFAS_scaled + PFAS_sq_scaled","PFTEDA","log_clysis",110,"covariate",0.636869867974324
"fixed","DNA_sexU",1.25770482254622,2.75975584154762,0.455730468475401,107.86189378788,0.649499970281947,"quadratic","PFAS_scaled + PFAS_sq_scaled","PFTEDA","log_clysis",110,"covariate",0.769020459431289
"fixed","age",-0.0787565501714393,0.0331192136272925,-2.37797162268788,60.9779173463808,0.020557945332854,"quadratic","PFAS_scaled + PFAS_sq_scaled","PFTEDA","log_clysis",110,"covariate",0.060042253035637
"fixed","PFAS_scaled:DNA_sexM",0.664325583778935,1.72511527059422,0.385090547340704,108.457756350113,0.700924491738867,"quadratic","PFAS_scaled + PFAS_sq_scaled","PFTEDA","log_clysis",110,"interaction",0.996458388374059
"fixed","PFAS_scaled:DNA_sexU",1.72079927358206,5.16461053689125,0.333190520619173,108.638820895121,0.739632643519764,"quadratic","PFAS_scaled + PFAS_sq_scaled","PFTEDA","log_clysis",110,"interaction",0.996458388374059
"fixed","PFAS_scaled:age",-0.142325989026093,0.10490597823323,-1.35670046095628,85.3374960554614,0.178454569099935,"quadratic","PFAS_scaled + PFAS_sq_scaled","PFTEDA","log_clysis",110,"interaction",0.996458388374059
"fixed","PFAS_sq_scaled:DNA_sexM",-0.579333544658414,1.87316907733135,-0.309279899860281,109.9986311926,0.757693692380484,"quadratic","PFAS_scaled + PFAS_sq_scaled","PFTEDA","log_clysis",110,"interaction",0.996458388374059
"fixed","PFAS_sq_scaled:age",0.136950276776982,0.118835203951414,1.15243860592838,92.6832050233656,0.252104672113922,"quadratic","PFAS_scaled + PFAS_sq_scaled","PFTEDA","log_clysis",110,"interaction",0.996458388374059
"fixed","(Intercept)",0.936415806283055,1.47855319253184,0.633332511141894,62.9480445050472,0.528810931397878,"log","log_PFAS_scaled","PFTRDA","log_clysis",110,"covariate",0.671762955941016
"fixed","log_PFAS_scaled",0.133321719738689,1.3594240514762,0.0980722090314015,74.9109169158128,0.922136898514472,"log","log_PFAS_scaled","PFTRDA","log_clysis",110,"main_effect",0.971388864288028
"fixed","DNA_sexM",0.58080563890427,0.526907415935176,1.10229163860492,106.539326175531,0.272818764875086,"log","log_PFAS_scaled","PFTRDA","log_clysis",110,"covariate",0.517511883886761
"fixed","DNA_sexU",-0.267950481230881,6.26369393590767,-0.0427783483632254,109.028964356254,0.965956468284725,"log","log_PFAS_scaled","PFTRDA","log_clysis",110,"covariate",0.97123491893109
"fixed","age",-0.0786359082523939,0.0308134701362148,-2.55199780825639,60.8181360309227,0.0132395455474118,"log","log_PFAS_scaled","PFTRDA","log_clysis",110,"covariate",0.0392915545278029
"fixed","log_PFAS_scaled:DNA_sexM",0.0467674021052091,0.513607141263568,0.0910567598226004,107.878226717161,0.927616352509602,"log","log_PFAS_scaled","PFTRDA","log_clysis",110,"interaction",0.996458388374059
"fixed","log_PFAS_scaled:DNA_sexU",2.50530883778148,6.37107454315844,0.393231757187929,108.950999543102,0.694916725082751,"log","log_PFAS_scaled","PFTRDA","log_clysis",110,"interaction",0.996458388374059
"fixed","log_PFAS_scaled:age",-0.0269612519216854,0.0297893877486173,-0.905062304375047,66.8580521214142,0.368682350764614,"log","log_PFAS_scaled","PFTRDA","log_clysis",110,"interaction",0.996458388374059
"fixed","(Intercept)",0.394966817831847,1.54281710911972,0.25600365428745,70.9908016633555,0.798688379341561,"linear","PFAS_scaled","PFUNDA","log_clysis",110,"covariate",0.865122378191296
"fixed","PFAS_scaled",-2.00023403890399,2.08623087816433,-0.958778848419686,84.7602675584296,0.340397114077507,"linear","PFAS_scaled","PFUNDA","log_clysis",110,"main_effect",0.963394758214043
"fixed","DNA_sexM",0.519422034964441,0.516682597618252,1.0053019733175,108.981047210267,0.316978360864258,"linear","PFAS_scaled","PFUNDA","log_clysis",110,"covariate",0.548929545463292
"fixed","DNA_sexU",0.614468570273055,2.56442376756556,0.239612726275883,108.392137552205,0.811083022034495,"linear","PFAS_scaled","PFUNDA","log_clysis",110,"covariate",0.866925146011716
"fixed","age",-0.067877191657322,0.031812257057717,-2.13368047209515,67.481958999618,0.0365071606960417,"linear","PFAS_scaled","PFUNDA","log_clysis",110,"covariate",0.101777538910177
"fixed","PFAS_scaled:DNA_sexM",0.280743148371148,0.539351093901508,0.520520216878275,102.965241105246,0.603818541484916,"linear","PFAS_scaled","PFUNDA","log_clysis",110,"interaction",0.996458388374059
"fixed","PFAS_scaled:DNA_sexU",1.74044978078438,2.03790917847674,0.854036970423433,107.124073033209,0.394990292251293,"linear","PFAS_scaled","PFUNDA","log_clysis",110,"interaction",0.996458388374059
"fixed","PFAS_scaled:age",0.0148336454001392,0.0409163628003849,0.362535777495835,79.0856042870328,0.717918742452135,"linear","PFAS_scaled","PFUNDA","log_clysis",110,"interaction",0.996458388374059
"fixed","(Intercept)",1.78736432966939,1.63372752131934,1.09404065631825,70.1744157737495,0.277678318147848,"quadratic","PFAS_scaled + PFAS_sq_scaled","TOTAL_PFAS","log_clysis",110,"covariate",0.521355209583714
"fixed","PFAS_scaled",-3.25727671875026,4.85002543692915,-0.6715999248063,95.920423533556,0.503452707471027,"quadratic","PFAS_scaled + PFAS_sq_scaled","TOTAL_PFAS","log_clysis",110,"main_effect",0.963394758214043
"fixed","PFAS_sq_scaled",3.85961161412803,4.913558030164,0.785502397739915,101.521985699127,0.433988458713851,"quadratic","PFAS_scaled + PFAS_sq_scaled","TOTAL_PFAS","log_clysis",110,"main_effect",0.963394758214043
"fixed","DNA_sexM",0.799162652644713,0.545688648338581,1.46450298183381,107.263551824958,0.145981355708423,"quadratic","PFAS_scaled + PFAS_sq_scaled","TOTAL_PFAS","log_clysis",110,"covariate",0.378317879582391
"fixed","DNA_sexU",0.612919557182569,2.85450821156823,0.214719843754045,104.055289188852,0.830405998558858,"quadratic","PFAS_scaled + PFAS_sq_scaled","TOTAL_PFAS","log_clysis",110,"covariate",0.868151725766079
"fixed","age",-0.103990007671226,0.0342513281050646,-3.03608687383569,67.1038556832777,0.00341019315061134,"quadratic","PFAS_scaled + PFAS_sq_scaled","TOTAL_PFAS","log_clysis",110,"covariate",0.0120668373021632
"fixed","PFAS_scaled:DNA_sexM",0.0313499207852697,2.09185158039595,0.0149866850397368,93.095598908936,0.988074874088572,"quadratic","PFAS_scaled + PFAS_sq_scaled","TOTAL_PFAS","log_clysis",110,"interaction",0.996458388374059
"fixed","PFAS_scaled:DNA_sexU",1.85512389044838,5.26881980924801,0.35209476839428,106.298813954467,0.725464262454473,"quadratic","PFAS_scaled + PFAS_sq_scaled","TOTAL_PFAS","log_clysis",110,"interaction",0.996458388374059
"fixed","PFAS_scaled:age",0.0743258397900003,0.120784863642987,0.615357235569607,92.8979373287558,0.539823414075813,"quadratic","PFAS_scaled + PFAS_sq_scaled","TOTAL_PFAS","log_clysis",110,"interaction",0.996458388374059
"fixed","PFAS_sq_scaled:DNA_sexM",0.335271594261783,2.12820891652294,0.157536974710898,100.186854870793,0.875138737097334,"quadratic","PFAS_scaled + PFAS_sq_scaled","TOTAL_PFAS","log_clysis",110,"interaction",0.996458388374059
"fixed","PFAS_sq_scaled:age",-0.0999928099961418,0.120039204804972,-0.833001269531902,98.3623938683915,0.40686210745657,"quadratic","PFAS_scaled + PFAS_sq_scaled","TOTAL_PFAS","log_clysis",110,"interaction",0.996458388374059
"fixed","(Intercept)",1.33167042737352,1.48455572073715,0.897016129992272,70.3481578454131,0.372769882983928,"quadratic","PFAS_scaled + PFAS_sq_scaled","chain_long","log_clysis",115,"covariate",0.573257407908194
"fixed","PFAS_scaled",-4.68003639577996,4.39742299619059,-1.06426795871905,109.32127290029,0.289552423718275,"quadratic","PFAS_scaled + PFAS_sq_scaled","chain_long","log_clysis",115,"main_effect",0.963394758214043
"fixed","PFAS_sq_scaled",6.40803287525495,5.3028564782742,1.20841152339473,111.972122498607,0.229434836769439,"quadratic","PFAS_scaled + PFAS_sq_scaled","chain_long","log_clysis",115,"main_effect",0.963394758214043
"fixed","DNA_sexM",0.534381946634157,0.546764104111435,0.977353748382219,113.083197712222,0.330480263632834,"quadratic","PFAS_scaled + PFAS_sq_scaled","chain_long","log_clysis",115,"covariate",0.558283753459169
"fixed","DNA_sexU",0.585992030631599,2.44084096336068,0.240077923727064,109.618240162381,0.810718229941507,"quadratic","PFAS_scaled + PFAS_sq_scaled","chain_long","log_clysis",115,"covariate",0.866925146011716
"fixed","age",-0.0873572419603424,0.0310743685237076,-2.81123144606124,65.2685666061176,0.0065093633792495,"quadratic","PFAS_scaled + PFAS_sq_scaled","chain_long","log_clysis",115,"covariate",0.0213879082461055
"fixed","PFAS_scaled:DNA_sexM",0.939196452616266,1.99781370612209,0.470112127941758,104.960614575977,0.63925024329587,"quadratic","PFAS_scaled + PFAS_sq_scaled","chain_long","log_clysis",115,"interaction",0.996458388374059
"fixed","PFAS_scaled:DNA_sexU",2.679235690011,8.89473169257628,0.301216021192314,111.835859923591,0.763809102049646,"quadratic","PFAS_scaled + PFAS_sq_scaled","chain_long","log_clysis",115,"interaction",0.996458388374059
"fixed","PFAS_scaled:age",0.0916337046145724,0.0898394941524796,1.01997128856322,111.485937888545,0.309950360071681,"quadratic","PFAS_scaled + PFAS_sq_scaled","chain_long","log_clysis",115,"interaction",0.996458388374059
"fixed","PFAS_sq_scaled:DNA_sexM",-0.750608783439878,2.52278489955468,-0.297531820319828,111.054245031767,0.766616377845087,"quadratic","PFAS_scaled + PFAS_sq_scaled","chain_long","log_clysis",115,"interaction",0.996458388374059
"fixed","PFAS_sq_scaled:age",-0.134556502959444,0.102688246429532,-1.31033986495992,113.447042679014,0.19272765792093,"quadratic","PFAS_scaled + PFAS_sq_scaled","chain_long","log_clysis",115,"interaction",0.996458388374059
"fixed","(Intercept)",1.48854424388038,1.38464955201138,1.07503320368542,114.999999999332,0.284610202531384,"quadratic","PFAS_scaled + PFAS_sq_scaled","chain_short","log_clysis",115,"covariate",0.523752551960231
"fixed","PFAS_scaled",-0.0798529792204224,3.10839465412032,-0.0256894597069821,114.99999999978,0.979549555900168,"quadratic","PFAS_scaled + PFAS_sq_scaled","chain_short","log_clysis",115,"main_effect",0.994440183015067
"fixed","PFAS_sq_scaled",0.480076935702738,2.77376335824752,0.173077827376757,114.999999999663,0.86289451672948,"quadratic","PFAS_scaled + PFAS_sq_scaled","chain_short","log_clysis",115,"main_effect",0.963394758214043
"fixed","DNA_sexM",0.156865826578094,0.57978705473693,0.270557656119573,114.99999999936,0.787216246964431,"quadratic","PFAS_scaled + PFAS_sq_scaled","chain_short","log_clysis",115,"covariate",0.862189222865806
"fixed","DNA_sexU",2.18066468822905,3.3292676274693,0.654998315616535,114.999999999997,0.513776857797099,"quadratic","PFAS_scaled + PFAS_sq_scaled","chain_short","log_clysis",115,"covariate",0.665739027004692
"fixed","age",-0.0908914064509056,0.0284393509032386,-3.19597331036677,114.999999999261,0.00179941319041452,"quadratic","PFAS_scaled + PFAS_sq_scaled","chain_short","log_clysis",115,"covariate",0.00689775056325567
"fixed","PFAS_scaled:DNA_sexM",2.47929490583737,1.85923646237443,1.333501658348,114.999999999544,0.18500254224404,"quadratic","PFAS_scaled + PFAS_sq_scaled","chain_short","log_clysis",115,"interaction",0.996458388374059
"fixed","PFAS_scaled:DNA_sexU",-0.0237212156060296,5.49258692789703,-0.00431876926436043,114.999999999615,0.99656161427517,"quadratic","PFAS_scaled + PFAS_sq_scaled","chain_short","log_clysis",115,"interaction",0.99656161427517
"fixed","PFAS_scaled:age",-0.0493626118777362,0.0653324555462813,-0.755560333145107,114.999999999673,0.451457624880753,"quadratic","PFAS_scaled + PFAS_sq_scaled","chain_short","log_clysis",115,"interaction",0.996458388374059
"fixed","PFAS_sq_scaled:DNA_sexM",-4.22404382172552,2.87886931790846,-1.46725792499479,114.999999999319,0.145035443247639,"quadratic","PFAS_scaled + PFAS_sq_scaled","chain_short","log_clysis",115,"interaction",0.996458388374059
"fixed","PFAS_sq_scaled:age",0.0304738334350576,0.0620021299876949,0.491496557313522,114.999999999502,0.624012057008835,"quadratic","PFAS_scaled + PFAS_sq_scaled","chain_short","log_clysis",115,"interaction",0.996458388374059
"fixed","(Intercept)",0.99027364107777,1.43367354818866,0.690724636950238,66.9465335607195,0.492126619148881,"log","log_PFAS_scaled","func_amine","log_clysis",115,"covariate",0.64630641387142
"fixed","log_PFAS_scaled",-0.131853464838946,1.3952653567033,-0.0945006368899509,70.9013879904643,0.924978038200583,"log","log_PFAS_scaled","func_amine","log_clysis",115,"main_effect",0.971388864288028
"fixed","DNA_sexM",0.417828751841922,0.512131121047556,0.815862841897325,109.78825442023,0.416345157542939,"log","log_PFAS_scaled","func_amine","log_clysis",115,"covariate",0.603208732188195
"fixed","DNA_sexU",1.65020963222925,1.88902541537239,0.873577252481774,111.841302423172,0.384220371877389,"log","log_PFAS_scaled","func_amine","log_clysis",115,"covariate",0.584268995251567
"fixed","age",-0.0784464331076114,0.0298802103897232,-2.6253641485266,60.7107968172432,0.0109370452817213,"log","log_PFAS_scaled","func_amine","log_clysis",115,"covariate",0.0335402721972788
"fixed","log_PFAS_scaled:DNA_sexM",0.30321617567264,0.516418328884555,0.587152234367002,106.777432853887,0.558340954716337,"log","log_PFAS_scaled","func_amine","log_clysis",115,"interaction",0.996458388374059
"fixed","log_PFAS_scaled:age",0.0180677992276092,0.0293272838759503,0.616074754963095,63.3631552855645,0.540052137406084,"log","log_PFAS_scaled","func_amine","log_clysis",115,"interaction",0.996458388374059
"fixed","(Intercept)",1.8804349261198,1.47384658500931,1.27586883549886,71.9782501351361,0.20610387748816,"power","log_PFAS_scaled","func_carboxyl","log_clysis",115,"covariate",0.4800394108585
"fixed","log_PFAS_scaled",-0.476203059959936,2.12757252208603,-0.22382459587936,111.94184990434,0.823301769858596,"power","log_PFAS_scaled","func_carboxyl","log_clysis",115,"main_effect",0.963394758214043
"fixed","DNA_sexM",0.632158493845598,0.527225589711773,1.19902847316495,112.471962377251,0.233036946701817,"power","log_PFAS_scaled","func_carboxyl","log_clysis",115,"covariate",0.491713850218811
"fixed","DNA_sexU",0.0594454156365975,4.81296841261337,0.0123510919957024,110.677707995509,0.990167741212925,"power","log_PFAS_scaled","func_carboxyl","log_clysis",115,"covariate",0.990167741212925
"fixed","age",-0.100776188221975,0.0307330389291521,-3.2790830888638,65.4407125774564,0.00167044321140655,"power","log_PFAS_scaled","func_carboxyl","log_clysis",115,"covariate",0.00653960746593202
"fixed","log_PFAS_scaled:DNA_sexM",0.329172991287972,0.764762723773615,0.430424994648947,106.732726428649,0.667754411303611,"power","log_PFAS_scaled","func_carboxyl","log_clysis",115,"interaction",0.996458388374059
"fixed","log_PFAS_scaled:DNA_sexU",2.53654164173462,9.4647779697813,0.267998007965235,110.729658453714,0.78919945123835,"power","log_PFAS_scaled","func_carboxyl","log_clysis",115,"interaction",0.996458388374059
"fixed","log_PFAS_scaled:age",0.00164385270625353,0.0381721228803887,0.0430642202270095,111.928640286097,0.965727071107476,"power","log_PFAS_scaled","func_carboxyl","log_clysis",115,"interaction",0.996458388374059
"fixed","(Intercept)",1.11984201327022,1.53585216779385,0.729133986169252,72.781000900823,0.468259654201646,"quadratic","PFAS_scaled + PFAS_sq_scaled","func_sulfonate","log_clysis",115,"covariate",0.636869867974324
"fixed","PFAS_scaled",-2.16982070226944,3.97137015552837,-0.546365767302987,111.317546611336,0.585907964135536,"quadratic","PFAS_scaled + PFAS_sq_scaled","func_sulfonate","log_clysis",115,"main_effect",0.963394758214043
"fixed","PFAS_sq_scaled",2.25246954779368,3.96326279393021,0.568337166852363,114.037673362219,0.570923492330922,"quadratic","PFAS_scaled + PFAS_sq_scaled","func_sulfonate","log_clysis",115,"main_effect",0.963394758214043
"fixed","DNA_sexM",0.698654699695673,0.522372802065676,1.3374637747848,109.197306202549,0.183850438912971,"quadratic","PFAS_scaled + PFAS_sq_scaled","func_sulfonate","log_clysis",115,"covariate",0.447798817003678
"fixed","DNA_sexU",1.11691362429216,2.33524762532816,0.478284877448575,111.026924399254,0.633387900206281,"quadratic","PFAS_scaled + PFAS_sq_scaled","func_sulfonate","log_clysis",115,"covariate",0.756775153493218
"fixed","age",-0.0856120897622394,0.0319250378808411,-2.68165977067226,66.8640620574859,0.00921950901043472,"quadratic","PFAS_scaled + PFAS_sq_scaled","func_sulfonate","log_clysis",115,"covariate",0.0287523670833896
"fixed","PFAS_scaled:DNA_sexM",2.31526259575146,1.73702484722641,1.33288973928516,110.895014159285,0.185299991108369,"quadratic","PFAS_scaled + PFAS_sq_scaled","func_sulfonate","log_clysis",115,"interaction",0.996458388374059
"fixed","PFAS_scaled:DNA_sexU",-1.31617556836963,6.94891779673703,-0.189407272739312,112.633583831088,0.850114524096623,"quadratic","PFAS_scaled + PFAS_sq_scaled","func_sulfonate","log_clysis",115,"interaction",0.996458388374059
"fixed","PFAS_scaled:age",0.0138915666069732,0.0866478077710353,0.160322193536405,113.594596191749,0.872912027497532,"quadratic","PFAS_scaled + PFAS_sq_scaled","func_sulfonate","log_clysis",115,"interaction",0.996458388374059
"fixed","PFAS_sq_scaled:DNA_sexM",-1.75499612244813,1.75497016664998,-1.00001478987999,114.816921879768,0.319406234455113,"quadratic","PFAS_scaled + PFAS_sq_scaled","func_sulfonate","log_clysis",115,"interaction",0.996458388374059
"fixed","PFAS_sq_scaled:age",-0.0162063001282805,0.0912515639760486,-0.177600245104119,114.947066410021,0.859349522082743,"quadratic","PFAS_scaled + PFAS_sq_scaled","func_sulfonate","log_clysis",115,"interaction",0.996458388374059
"fixed","(Intercept)",1.33538706600062,1.4844576099385,0.899579117019008,70.239683910743,0.371418045829877,"quadratic","PFAS_scaled + PFAS_sq_scaled","age_Legacy","log_clysis",115,"covariate",0.573257407908194
"fixed","PFAS_scaled",-4.6341751778035,4.37137843490633,-1.06011759146696,109.651403014162,0.291420669471994,"quadratic","PFAS_scaled + PFAS_sq_scaled","age_Legacy","log_clysis",115,"main_effect",0.963394758214043
"fixed","PFAS_sq_scaled",6.35616938298789,5.25411012805598,1.20975183771789,112.098282790492,0.228919147977435,"quadratic","PFAS_scaled + PFAS_sq_scaled","age_Legacy","log_clysis",115,"main_effect",0.963394758214043
"fixed","DNA_sexM",0.534163954391468,0.54681296140018,0.976867763016586,112.938526311443,0.330722440907877,"quadratic","PFAS_scaled + PFAS_sq_scaled","age_Legacy","log_clysis",115,"covariate",0.558283753459169
"fixed","DNA_sexU",0.5643775411849,2.50119808064673,0.22564288112638,109.732541106583,0.821898905444229,"quadratic","PFAS_scaled + PFAS_sq_scaled","age_Legacy","log_clysis",115,"covariate",0.866925146011716
"fixed","age",-0.0874655991208661,0.0310648647365738,-2.81557959007913,65.1683388166554,0.00643403959738612,"quadratic","PFAS_scaled + PFAS_sq_scaled","age_Legacy","log_clysis",115,"covariate",0.0213879082461055
"fixed","PFAS_scaled:DNA_sexM",0.94958525201284,1.99523016409236,0.475927674461963,104.835393388003,0.635116201329742,"quadratic","PFAS_scaled + PFAS_sq_scaled","age_Legacy","log_clysis",115,"interaction",0.996458388374059
"fixed","PFAS_scaled:DNA_sexU",2.75490342373004,9.15958563716154,0.300767254421757,111.849952868288,0.764150342075947,"quadratic","PFAS_scaled + PFAS_sq_scaled","age_Legacy","log_clysis",115,"interaction",0.996458388374059
"fixed","PFAS_scaled:age",0.0903975618786353,0.0893237219413272,1.01202188975078,111.911278860523,0.313710654360766,"quadratic","PFAS_scaled + PFAS_sq_scaled","age_Legacy","log_clysis",115,"interaction",0.996458388374059
"fixed","PFAS_sq_scaled:DNA_sexM",-0.766829499274321,2.51705317339583,-0.304653674932011,111.11577729693,0.761199800886773,"quadratic","PFAS_scaled + PFAS_sq_scaled","age_Legacy","log_clysis",115,"interaction",0.996458388374059
"fixed","PFAS_sq_scaled:age",-0.133314102327708,0.101782556269473,-1.30979322207976,113.601534910035,0.192908370827732,"quadratic","PFAS_scaled + PFAS_sq_scaled","age_Legacy","log_clysis",115,"interaction",0.996458388374059
"fixed","(Intercept)",1.19896268449491,1.44704537655928,0.82855914812136,70.2873719517189,0.410158671151656,"power","log_PFAS_scaled","age_next_gen","log_clysis",115,"covariate",0.59896186898337
"fixed","log_PFAS_scaled",3.95769202398856,1.48878118934261,2.6583436520555,86.2343332109008,0.00935832763084636,"power","log_PFAS_scaled","age_next_gen","log_clysis",115,"main_effect",0.542783002589089
"fixed","DNA_sexM",0.527676651939279,0.510945399602448,1.0327456756629,113.045182050829,0.303927310770034,"power","log_PFAS_scaled","age_next_gen","log_clysis",115,"covariate",0.532596430301773
"fixed","DNA_sexU",1.18712695904009,2.02083328616719,0.58744428210189,107.280092969783,0.55813976439008,"power","log_PFAS_scaled","age_next_gen","log_clysis",115,"covariate",0.698623922773978
"fixed","age",-0.0868019168592907,0.030188423894741,-2.8753378169707,64.109506348272,0.00547187042256596,"power","log_PFAS_scaled","age_next_gen","log_clysis",115,"covariate",0.0189966822217384
"fixed","log_PFAS_scaled:DNA_sexM",0.416573282753065,0.496491179944809,0.839034608428234,113.17483611983,0.403218632621192,"power","log_PFAS_scaled","age_next_gen","log_clysis",115,"interaction",0.996458388374059
"fixed","log_PFAS_scaled:DNA_sexU",0.534627083967248,1.68450775938249,0.317378819414422,105.653342134219,0.751582531706583,"power","log_PFAS_scaled","age_next_gen","log_clysis",115,"interaction",0.996458388374059
"fixed","log_PFAS_scaled:age",-0.0833195414143822,0.0300634470944371,-2.77145668467937,99.5622390020997,0.00666069467942342,"power","log_PFAS_scaled","age_next_gen","log_clysis",115,"interaction",0.996458388374059
